<?xml version='1.0' encoding='utf-8'?>
<teiCorpus xmlns="http://www.tei-c.org/ns/1.0">
  <teiHeader>
    <fileDesc>
      <titleStmt>
        <title>Riksdagens protocols 1936</title>
      </titleStmt>
      <editionStmt>
        <edition>0.3.0</edition>
      </editionStmt>
      <publicationStmt>
        <authority>Westac Project, 2020-2021</authority>
        <availability>
          <licence target="https://creativecommons.org/licenses/by/4.0/">Licence: Attribution 4.0 International (CC BY 4.0)</licence>
        </availability>
      </publicationStmt>
      <sourceDesc>
        <bibl>
          <title>Riksdagens protocols 1936</title>
        </bibl>
      </sourceDesc>
    </fileDesc>
    <encodingDesc>
      <editorialDecl>
        <correction>
          <p>Some programmatic corrections have been made to counter errors stemming from the OCR process.</p>
        </correction>
      </editorialDecl>
    </encodingDesc>
  </teiHeader>
  <TEI>
    <teiHeader>
      <fileDesc>
        <titleStmt>
          <title>Protokoll</title>
        </titleStmt>
        <publicationStmt>
          <authority>Westac Project, 2020-2021</authority>
          <availability>
            <licence target="https://creativecommons.org/licenses/by/4.0/">Licence: Attribution 4.0 International (CC BY 4.0)</licence>
          </availability>
        </publicationStmt>
        <sourceDesc>
          <bibl>
            <title>Protokoll</title>
          </bibl>
        </sourceDesc>
      </fileDesc>
      <encodingDesc>
        <editorialDecl>
          <correction>
            <p>Some programmatic corrections have been made to counter errors stemming from the OCR process.</p>
          </correction>
        </editorialDecl>
      </encodingDesc>
    </teiHeader>
    <text>
      <front>
        <div type="preface">
          <head>prot-1936--ak--8</head>
          <docDate when="1936-02-08">1936-02-08</docDate>
          <docDate when="1936-02-12">1936-02-12</docDate>
        </div>
      </front>
      <body>
        <div>
          <pb facs="https://betalab.kb.se/prot-1936--ak--8/prot_1936__ak__8-000.jp2/_view"/>
          <note xml:id="i-SyMxhiKFdn6ZVkSqEaooMu">
            RIKSDAGENS PROTOKOLL. 1936. Andra kammaren. Nr 8.
          </note>
          <note type="date" xml:id="i-EfK3aAEfLRD1HcKFbbBFcr">
            Lördagen den 8 februari. Kl. 4 e. m.
          </note>
          <note xml:id="i-NCEnsTPhKHt7oyedL61C8V">
            § 1.
          </note>
          <note xml:id="i-AryKSnDmakbVrQ1V3BUywR">
            Justerades protokollet för den 1 innevarande februari.
          </note>
          <note xml:id="i-FUsreGam2JpCPzrG1XDWwS">
            §£ 2.
          </note>
          <note type="speaker" xml:id="i-VkhoxaAq8s9kzi1Qya6yQv">
            Herr statsrådet Schlyter avlämnade Kungl. Maj:
          </note>
          <note xml:id="i-2KPYjYKKMX6TcCiNcSycD9">
            ts propositioner:
          </note>
          <note xml:id="i-VDU58FEfH4BjVqdkGpFin7">
            nr 60, med förslag till lag angående fortsatt giltighet av lagen
            den 31 maj 1932 (nr 156) om anstånd i särskilt fall med gälds
            betalning;
          </note>
          <note xml:id="i-CNogpAtpvfTvYxt8yQy8ny">
            nr 61, angående lån till Jönköpings läns landsting för anskaffande
            av materiell för yrkesundervisningen vid Höreda skyddshem; och
          </note>
          <note xml:id="i-GdnrgB46BkzqG4TfdeYvTW">
            nr 62, angående understöd åt föreningen till minne av Konung
            Oscar I och Drottning Josephina för verksamheten vid åkerbrukskolonien
            Hall.
          </note>
          <note xml:id="i-6bPTqSdqcAPJLYY2M89aKd">
            Dessa propositioner bordlades.
          </note>
          <note xml:id="i-GqzwLgTxRspuh3YDijMDgP">
            § 3.
          </note>
          <note xml:id="i-T63GMbgKNAMFmGPf2Hz1mj">
            Föredrogos var för sig Kungl. Maj:ts å kammarens bord vilande
            propositioner; och remitterades därvid
          </note>
          <note xml:id="i-CKRdToeK1QovDKNtkak5fa">
            till statsutskottet propositionen, nr 51, angående inrättande
            vid karolinska mediko-kirurgiska institutet av en professur i
            radioterapi m. m.;
          </note>
          <note xml:id="i-VmXWXXxLb2T1SKq9Nsd25x">
            till behandling av lagutskott propositionen, nr 52, angående
            dyrtidstillägg och tillfällig löneförbättring åt biskopen i Härnösands
            stift Torsten Bohlin;
          </note>
          <note xml:id="i-6npKEmfpkAfjMKJUB92uCs">
            till jordbruksutskottet propositionen, nr 57, angående anslag
            till statens växtskyddsanstalt för byggnadsarbeten m. m.;
          </note>
          <note xml:id="i-PcW5hTYXfPyQ8k2ZnR97Hq">
            till behandling av lagutskott propositionen, nr 58, angående
            ersättning från kyrkofonden för övertalig personal vid domänverket;
            samt
          </note>
          <note xml:id="i-36UnPgTiX5qPuRQuFRwLvd">
            till statsutskottet propositionerna:
          </note>
          <note xml:id="i-28FimSbvC9QT7nvtZ2rQCQ">
            nr 54, angående rätt för kaptenen i Karlsborgs artilleriregemente,
            löjtnanten vid regementet B. E. G. Rudling att tillgodoräkna sig
            viss tjänstetid för placering i löneklass m. m.; och
          </note>
          <note xml:id="i-XpBuayt4wFLoWHHB17Pckv">
            nr 59, angående avlösning av arrendet å kronoegendomen Hässlö.
          </note>
          <note xml:id="i-G1aQdktYajoKy1ViHmDBwM">
            § 4.
          </note>
          <note xml:id="i-5bLWf3LU7ufubyWs6tzpo1">
            Vidare föredrogs statsutskottets memorial, nr 19, i anledning
            av remiss från andra kammaren av två av herr E. Lithander väckta
            motioner.
          </note>
          <note xml:id="i-7roEokJ6B7jXHwLgVny615">
            Kammaren biföll utskottets däri gjorda hemställan samt beslöt
            hänvisa motionerna till bevillningsutskottet.
          </note>
          <note xml:id="i-6JDzVg447R63mMv2j6r541">
            Andra kammarens protokoll 1936. Nr 8. 1
          </note>
          <pb facs="https://betalab.kb.se/prot-1936--ak--8/prot_1936__ak__8-001.jp2/_view"/>
          <note xml:id="i-Bhs6UPVr6E5FgyE8bUARdf">
            Interpellation.
          </note>
          <note type="date" xml:id="i-RiZcYCK3TWv18j7mgV2Bbv">
            2 Nr 8. Lördagen den 8 februari.
          </note>
          <note xml:id="i-VzPrPp3We6Kix6qRSSjhCd">
            § 5.
          </note>
          <note xml:id="i-5bFE7FaVv9pHEUeYPeM3YF">
            Slutligen föredrogos, men bordlades åter statsutskottets utlåtanden
            nr 20
          </note>
          <note xml:id="i-LP2yvbW4PenBFeAUUQJ7Ak">
            § 6.
          </note>
          <note type="speaker" xml:id="i-9t6wyEM9zE4pAZLv4ESgd7">
            Ordet lämnades härefter på begäran till herr Ossbahr, som yttrade:
          </note>
          <u who="unknown" xml:id="i-f57c65c1da9ea290-0">
            <seg xml:id="i-WBY7HShdjeHnWDz9iEA3dc">
              Herr talman! Vid upprepade tillfällen under senare år hava militära
              myndigheter med skärpa framhållit nödvändigheten av en skyndsam
              anskaffning av bombflygförband. Visserligen ställde Kungl. Maj:t
              den 10 november 1933 ett belopp till flygstyrelsens förfogande
              för inköp av tvenne bombplan, men på grund av vissa, för allmänheten
              ännu till största delen i dunkel höljda omständigheter kom det
              planerade inköpet av dylika flygplan från aktiebolaget Flygindustri
              i Limhamn icke till stånd. I beslut den 22 juni 1934 uppdrog nämligen
              Kungl. Maj:t åt flygstyrelsen att, emot såväl dess som chefernas
              för generalstaben och marinstaben uttalade uppfattning, i stället
              inleda förhandlingar med den engelska firman Handley Page Limited
              i London. Därefter verkställda utredningar ådagalade emellertid
              bland annat, att de engelska flygplanen icke komme att uppfylla
              de militära fordringar i avseende å bomblast och aktionsradie,
              vilka vore betingade av vårt luftstrategiska läge, men det oaktat
              beordrades flygstyrelsen den 12 oktober 1934 av Kungl. Maj:t att
              sluta avtal med Handley Page rörande anskaffning av två fjärrspanings-,
              bomboch torpedflygplan samt licens för tillverkning i Sverige
              av tolv dylika flygplan. Kontrakt avslutades dock först mer än
              ett halvt år senare, den 17 maj 1935, och ännu i denna dag har
              uppenbarligen, åtminstone så vitt till allmänhetens kännedom kommit,
              icke ens något av nämnda flygplan levererats.
            </seg>
            <seg xml:id="i-CvFW7rTfmro5k3hF775S7B">
              Av min med fleras reservation nr XVI vid konstitutionsutskottets
              memorial nr 12 år 1935 angående granskningen av statsrådsprotokollen
              framgår, att, därest de med aktiebolaget Flygindustri inledda
              förhandlingarna fått slutföras, serietillverkning av militärt
              och tekniskt fullt tillfredsställande och effektiva bombplan kunnat
              igångsättas inom landet redan i slutet av år 1934, under det att
              den i avtalet med den engelska firman avsedda licenstillverkningen
              i Sverige utav den engelska typen icke ansetts kunna komma till
              stånd förrän i bästa fall omkring årsskiftet 1936—1937.
            </seg>
            <seg xml:id="i-Fn47kx62gdvCPNPBtJpn8q">
              Av statsverkspropositionen innevarande år framgår emellertid
              att anskaffningen av det första bombförbandet av regeringen avses
              att än ytterligare uppskjutas, enär något anslag härför icke upptagits
              ens för budgetåret 1936/1937. Visserligen har detta icke direkt
              utsagts, men en närmare granskning av anslagsrubriken »engångskostnader
              för anskaffning av flygmateriel m. m.» giver dock detta tydligt
              vid handen.
            </seg>
          </u>
          <note xml:id="i-3UePcyesshKxcWVKu1mqYc">
            Uti sin skrivelse den 30 augusti 1935 har flygstyrelsen hemställt,
            att under nämnda rubrik ett belopp av 8,210,000 kronor måtte anvisas
            för nästkommande budgetår, men Kungl. Maj:t har under fjärde huvudtiteln
            upptagit allenast 2,600,000 kronor, vilket icke medgiver någon
            anskaffning av bombplan. Anslagsbehovet har nämligen av flygstyrelsen
            beräknats under följande titlar:
          </note>
          <note xml:id="i-XBNrXC9kYhYDfJmRJx5WKu">
            Inhemsk motortillverkning ....ssssseossererreser ere ret kronor
            2,249,000 Anskaffning av bomb-, torpedoch fjärrspaningsflygplan.
            . » 5,161,600 Komplettering av utrustningen till hittills anskaffade
            och - beställda flygformationer m. M.......ssssssseser ss ers
            » 5300,000 Kostnad för förberedelse av tillverkning inom landet
            av bomb-, torpedoch fjärrspaningsflygplan ........------ » 300,000.
          </note>
          <note xml:id="i-NDjoo2xS3ktT7pJgGTFMLk">
            Enligt kontrakt mellan flygstyrelsen, The Bristol Aeroplane Company
            Ltd och Nohab Flygmotorfabriker A.B., är flygstyrelsen förpliktad
            att under bud-
          </note>
          <pb facs="https://betalab.kb.se/prot-1936--ak--8/prot_1936__ak__8-002.jp2/_view"/>
          <note type="date" xml:id="i-2SLczJXwRxjn9mx3RfmtW6">
            Lördagen den 8 februari. Nr 8. 3
          </note>
          <u who="unknown" xml:id="i-f57c65c1da9ea290-2">
            <seg xml:id="i-5yCwthSSz7TqdyujjmZJ5m">
              Interpellation. (Forts.) getåret 1936/1937 beställa minst 30
              st. motorer, varjämte styrelsen förutsätter, att 50 st. motorer
              komma att slutlevereras under ifrågavarande budgetår. Ett belopp
              av 2,249,000 kronor blir sålunda under alla omständigheter bundet
              vid titeln »inhemsk flygmotortillverkning», och då vidare 300,000
              kronor åtgå i och för förberedelser av tillverkning inom landet
              av bomb-, torpedoch fjärrspaningsflygplan, återstår i realiteten
              intet till anskaffning av dylika flygplan. Skulle Kungl. Maj:ts
              hemställan vinna riksdagens bifall, måste detta alltså leda därhän,
              att icke ens under nästkommande budgetår ett förband av ifrågavarande
              beskaffenhet kan, utöver de med engelsk firma tidigare kontraherade
              tvenne provflygplan, till någon del anskaffas.
            </seg>
            <seg xml:id="i-PghyDEb7Upaoa2EkFW46Dv">
              Detta dröjsmål blir så mycket mer allvarligt, som de för vår
              krigsberedskap närmast ansvariga militära myndigheterna, såsom
              nämnts, vid upprepade tillfällen under senaste år framhållit vikten
              utav en skyndsam anskaffning av bombflygplan, men regeringen slår
              sig uppenbarligen till ro och räknar icke med att serietillverkningen
              kan igångsättas förrän tidigast sommaren eller hösten 1937, alltså
              nära tre år senare än som kunde hava skett, därest icke vissa
              för vår krigsberedskap vådliga synpunkter fått göra sig gällande.
            </seg>
            <seg xml:id="i-JQottLYQ1875udSnLgVRo2">
              Redan föregående år framhöllo cheferna för generalstaben, marinstaben
              och flygvapnet i underdånig skrivelse den 9 april »nödvändigheten
              av att intet medel lämnas oprövat, ägnat att påskynda anskaffandet
              av ändamålsenliga bombflygplan i tillräcklig omfattning», och
              då den utrikespolitiska situationen sedan dess försämrats, torde
              det ligga i öppen dag, att denna anskaffning icke kan utan allvarlig
              våda ytterligare uppskjutas. I skrivelsen underströks även av
              nämnda militära chefer, att »bland de krav i fråga om försvarsberedskap,
              som betingas av det nutida läget, är utan tvekan en snabb anskaffning
              av här ifrågavarande krigsmateriel det ur riksförsvarets synpunkt
              angelägnaste».
            </seg>
            <seg xml:id="i-JJ5MpDyCuTEZg2VKAF11Gf">
              På grund av ovan antydda åtgärder, för vilka regeringen ytterst
              bär ansvaret, kan emellertid icke en dylik snabb anskaffning ske
              inom landet, utan enda möjligheten är att inköpa flygplanen från
              utlandet. Detta frambhålles också av flygstyrelsen i dess s. k.
              »augustiskrivelse», då däri yttras: »Med hänsyn till den allvarliga
              politiska utvecklingen under senare tid är erforderligt, att flygvapnet,
              så snart ske kan, tillföres flygförband, avsedda för bomboch torpedfällning
              samt fjärrspaning. Licenstillverkning inom landet av sådana plan
              kan emellertid under nuvarande förutsättningar icke igångsättas
              förrän tidigast budgetåret 1937/1938. Flygstyrelsen anser därför
              det ovillkorligen påkallat att förnya sitt föregående år gjorda
              äskande om anskaffning av ett bomb-, torpedoch fjärrspaningsflygförband
              genom inköp från utlandet av flygplan, vilka redan äro fullt utprövade
              i praktisk tjänst.»
            </seg>
            <seg xml:id="i-S8f4cSiVUetBBeDHwTGfj8">
              I det läge, vari saken genom regeringens eget förvållande kommit,
              kan alltså, såsom framgår av flygstyrelsens skrivelse i augusti
              föregående år, en skyndsam anskaffning komma till stånd allenast
              genom inköp från utlandet, och vissa främmande länders tillverkningskapacitet
              är även otvivelaktigt sådan, att vårt land omedelbart skulle kunna
              erhålla åtminstone ett bombförband. Redan förra året var behovet
              trängande, men utvecklingen i världen har än mera skärpt kravet
              på en skyndsam anskaffning. Det kan under sådana omständigheter
              icke undvikas, att man på många håll i vårt land med oro frågar
              sig, om regeringen verkligen icke har möjligheter och vilja att
              utan omgång skaffa dylika för vår krigsberedskap så betydelsefulla
              flygplan. Man frågar sig även, vad anledningen är, att ingen annan
              firma än Handley Page tyckes få komma i fråga, och vilka de intressen
              äro, som till uppenbart men för riksförsvaret förhindra en förvisso
              eljest möjlig anskaffning utan tidsutdräkt
            </seg>
          </u>
          <note xml:id="i-AjE7ppVVAgePR8CdvEUkBL">
            av bombflygplan från annat håll.
          </note>
          <pb facs="https://betalab.kb.se/prot-1936--ak--8/prot_1936__ak__8-003.jp2/_view"/>
          <note type="date" xml:id="i-GRjQE7XwBLZHDSV9sE659B">
            4 Nr 8. Lördagen den 8 februari.
          </note>
          <note xml:id="i-QBZjixKeBPN4i7qoVXNWJr">
            Interpellation. (Forts.)
          </note>
          <u xml:id="i-XaPne48orHwgkGDyPRdQzx" who="unknown">
            <seg xml:id="i-3rkSMHNRBRbH7L9xBioZKA">
              I en interpellation den 10 maj föregående år i denna kammare
              ställde jag
            </seg>
          </u>
          <u who="unknown" xml:id="i-f57c65c1da9ea290-3">
            <seg xml:id="i-vBsdNn5Li1Fq1hH9JXq42">
              tvenne frågor 1 detta ämne till herr statsrådet och chefen för
              försvarsdepartementet, men mina frågor förblevo då obesvarade.
              På det att i varje fall icke bristande tid måtte förhindra herr
              statsrådet att även i år besvara en dylik fråga, tillåter jag
              mig att redan i början av riksdagen ånyo upptaga detta viktiga
              spörsmål, som än mera ökat i betydelse under de gångna månaderna.
              I en likaledes obesvarad interpellation den 6 juni förra året
              berörde jag jämväl en annan sida i denna angelägenhet, som icke
              heller saknar betydelse, och som i år, då riksdagen förmodligen
              får tillfälle att taga ställning till vårt flygvapens hela organisation
              och omfattning, i än högre grad aktualiserats.
            </seg>
            <seg xml:id="i-JWqmJwFrLkqhnjihcbFJ2D">
              Av förutnämnda inom konstitutionsutskottet år 1935 reservationsvis
              framställda anmärkningsyrkande framgick även, att den engelska
              firman Handley Page på obehörigt sätt erhållit kännedom om vissa
              uppgifter angående den av aktiebolaget Flygindustri offererade
              flygplantypens prestanda och pris. Jag framhöll i min interpellation
              det angelägna däri, att klarhet bringades över denna sak, ej minst
              på den grund att icke misstankar onödigtvis komme att riktas åt
              felaktigt håll. Den omständigheten, att uppgifter av hemlig natur
              i ett militärt upphandlingsärende över huvud kunnat bringas till
              en utländsk konkurrentfirmas kännedom, måste även betraktas såsom
              någonting ytterligt allvarligt, och för hela flygvapnets framtida
              utveckling är det därför av största vikt, att sådana åtgärder
              vidtagas, att förtroendet icke rubbas till vapnet och dess ämbetsmannakår
              i gemen. Jag frågade också herr statsrådet, om det vore hans avsikt
              att snarast låta vidtaga erforderliga åtgärder i och för ett fullständigt
              och offentligt klarläggande av berörda förhållanden, men, som
              sagt, även denna min fråga lämnades obesvarad.
            </seg>
            <seg xml:id="i-2ZDh1NWygVhSmJJGcG2Y7w">
              Jag anhåller nu att ånyo få upptaga dessa i nuvarande läge än
              mera aktualiserade spörsmål och begär alltså kammarens tillstånd
              att till herr statsrådet och chefen för försvarsdepartementet
              få framställa följande frågor:
            </seg>
            <seg xml:id="i-J26v4JS6YWLVNJyW5EHbwG">
              1) Finnes möjlighet att skyndsamt anskaffa ett bomb-, torpedoch
              fjärrspaningsflygförband, och ämnar i så fall herr statsrådet
              vidtaga alla på herr statsrådet ankommande, erforderliga åtgärder
              härför?
            </seg>
            <seg xml:id="i-5vRwA4fgrgdnwpaAvbpjAb">
              2) När kan eljest vårt flygvapen beräknas erhålla sitt första
              förband av nu ifrågavarande slag?
            </seg>
            <seg xml:id="i-MmJGYqYn6pSFzijwvkeet6">
              3) Är det herr statsrådets avsikt att låta vidtaga erforderliga
              åtgärder i och för ett fullständigt och offentligt klarläggande
              av alla de förhållanden, som sammanhänga med den tillämnade anskaffningen
              av bombflygplan från den engelska firman Handley Page och sålunda
              även i vad dessa beröra denna firmas kännedom om vissa uppgifter
              av hemlig natur i omförmälda militära
            </seg>
          </u>
          <note xml:id="i-GoqEgrBhKfSCbANLdaXwAc">
            upphandlingsärende?
          </note>
          <note xml:id="i-T9AwcgyGheu8NkTjrxoiM7">
            Tfrågavarande anhållan bordlades.
          </note>
          <note xml:id="i-MzhkFr8XyGPPJRTjPHxZp3">
            § 7.
          </note>
          <note xml:id="i-7Wv3EkHdY2Z1eAStF3EY8Z">
            Anmäldes och godkändes statsutskottets förslag till riksdagens
            skrivelser till Konungen:
          </note>
          <note xml:id="i-MhG3hTVpeLAFMvU2sbzrCB">
            nr 14, i anledning av Kungl. Maj:ts proposition angående förstärkning
            av vissa anslag under femte huvudtiteln jämte en i ämnet väckt
            motion;
          </note>
          <note xml:id="i-CAkYTCjfHpGAFvzyVeJoVW">
            nr 15, i anledning av Kungl. Maj:ts proposition angående fortsatta
            åtgärder för främjande av sparsamhet bland skolungdomen;
          </note>
          <note xml:id="i-QgCVhgBxTiJxq6qGT1LF8v">
            nr 16, i anledning av Kungl. Maj:ts proposition angående inköp
            för statens räkning av gatsten jämte två i ämnet väckta motioner;
            och
          </note>
          <pb facs="https://betalab.kb.se/prot-1936--ak--8/prot_1936__ak__8-004.jp2/_view"/>
          <note type="date" xml:id="i-Xi1ny26xti9t42nqw5Rig7">
            Lördagen den 8 februari. Nr 8. 5
          </note>
          <note xml:id="i-PMhLGfSPmFruBd8ZqiWb9V">
            nr 17, i anledning av Kungl. Maj:ts i statsverkspropositionen
            under sjätte huvudtiteln gjorda framställning om anslag till möbler
            m. m. för kanslihuset.
          </note>
          <note xml:id="i-EBWyytudjJvJ9JBovsRTxz">
            § 8.
          </note>
          <note xml:id="i-H4ri5AuzcUqfhmNpKXE5ba">
            Till bordläggning anmäldes statsutskottets memorial, nr 24, i
            anledning av kamrarnas skiljaktiga beslut angående förstärkning
            av visst anslag under femte huvudtiteln.
          </note>
          <note xml:id="i-G3268HoBB3GvFiDb2bpFFR">
            § 9. Justerades protokollsutdrag.
          </note>
          <note xml:id="i-82Jb7rko7AbrpJbB3d1J9v">
            § 10.
          </note>
          <note xml:id="i-HdLkthvUpCcXPtcmt7VGgG">
            Upplästes följande till kammaren inkomna sjukbetyg:
          </note>
          <u who="unknown" xml:id="i-f57c65c1da9ea290-4">
            <seg xml:id="i-QextUoqz8Kw8e6545cjHGq">
              Riksdagsman D. Larsson, Hede, Sätila, som denna dag av mig undersökts,
              är på grund av sjukdom, luftrörskatarr med feber, förhindrad att
              deltaga i riksdagsarbete sannolikt minst 14 dagar från dato, intygas.
            </seg>
          </u>
          <note xml:id="i-GoTxi1a3R7awKeZsKVLD2m">
            Sätila den 5 febr. 1936. Håk. Larsén,
          </note>
          <note xml:id="i-Y3NCFwRtFXaMdnEx4PRmpG">
            leg. läkare. $ 11. Ledighet från riksdagsgöromålen beviljades:
            herr Johanson i Hallagården under 4 dagar fr.o.m. den 8 febr.,
            &gt; Bengtsson i Kullen &gt; 6 &gt; » &gt;» 11 &gt; &gt; Högström &gt; 6 &gt; » &gt; 8 &gt;
            &gt; Malmqvist &gt; 4 &gt; &gt; &gt; 8 &gt; fru Eklund &gt; 35 &gt; &gt; &gt; 8 &gt; herr Andersson
            i Surahammar » 4 &gt; » &gt; 8 &gt; &gt; Johansson i Hälleforsnäs &gt; 5 &gt; &gt;
            &gt; 9 &gt; &gt; Nyblom &gt; 3 &gt; &gt; &gt; 8 &gt; &gt; Hällgren &gt; 8 &gt; &gt; &gt; 10 &gt; &gt; Persson
            i Tidaholm &gt; 6 &gt; &gt; &gt; 10 &gt; &gt; Sundström &gt; 4 &gt; &gt;» &gt;» 8 &gt; &gt; Ström
            2 3 &gt; &gt; &gt; 8 &gt; &gt; Frankenberg &gt; 3 &gt; &gt; &gt;» 8 &gt; &gt; Nordström i Karlstad
            &gt; 3 &gt; &gt; &gt; 8 &gt; &gt; Björling &gt; 8 &gt; &gt; &gt; 10 &gt; &gt; Beck &gt; 4 &gt; &gt; &gt; 10 &gt;
            &gt; Pettersson i Rosta &gt; 2 &gt; &gt; &gt; 10 &gt; &gt; "Wallén &gt; 2 &gt; &gt; &gt; 10 &gt; &gt;
            Niklasson &gt; 5 &gt; &gt; &gt; 11 &gt; &gt; Aronson &gt; 3 &gt; &gt; &gt; 8 &gt; &gt; Svedman &gt; 5
            &gt; &gt; &gt; 10 &gt; &gt;» Erlander &gt; 2 &gt; &gt; &gt; 9 &gt; &gt; Wiklund » 8 &gt; » &gt; 11 &gt;
            &gt; Johansson i Sollefteå &gt; 5 &gt; &gt; &gt; 10 &gt; &gt; Gustafsson i Lekåsa &gt;
            8 &gt;» &gt; » 10 &gt; &gt; Hedlund i Häste &gt; 2 &gt; » » 9 &gt; &gt; Laurén &gt; 4 &gt; &gt;
            &gt; 12 &gt; &gt; Johansson i Djursnäs &gt; 5 oo» » &gt; 9 &gt;
          </note>
          <pb facs="https://betalab.kb.se/prot-1936--ak--8/prot_1936__ak__8-005.jp2/_view"/>
          <note type="date" xml:id="i-WZEqMFLHjUdkEa1Zr33gAP">
            6 Nr 8. Onsdagen den 12 februari.
          </note>
          <note xml:id="i-UcuPWt4G9yJEkQKD6UytyQ">
            herr Hansson i Örebro under 2 dagar fr. o.m. den 11 febr., &gt;
            Vougt &gt; 2 &gt; &gt; &gt; 10 &gt; &gt; Brännström i Burträsk &gt; 6 &gt; &gt; &gt; 11 &gt; &gt;
            Andersson i Grimbo &gt; 3 &gt; &gt; » 11 &gt; och &gt; DTithander &gt; den 12 febr.
          </note>
          <note xml:id="i-EwjwwMkcasTpLbCVnZohAy">
            Kammarens ledamöter åtskildes härefter kl. 4.14 e. m.
          </note>
          <note xml:id="i-CMCd448Ytm8uqvTy4BRfrT">
            In fidem Per Cronvall.
          </note>
          <note xml:id="i-Gdxd3eGMioN1Eq8otfhD15">
            Onsdagen den 12 feburari. Kl. 2 e. m.
          </note>
          <note xml:id="i-TxvFgRkWSqAbpMCz7Krzyx">
            § 1.
          </note>
          <note xml:id="i-TBSiaDs8P4WKSPzH5p7Jan">
            Justerades protokollen för den 4 och den 5 innevarande februari.
          </note>
          <note xml:id="i-P9WHttA9gSLNVU3VjQLFjf">
            § 2.
          </note>
          <note xml:id="i-9emXBLaJdEMjoso9LDo5sU">
            Upplästes följande till kammaren inkomna sjukbetyg:
          </note>
          <u who="unknown" xml:id="i-f57c65c1da9ea290-7">
            <seg xml:id="i-Du4EmvQbnatXT64GB3NkfR">
              Att riksdagsman K. A. Ryberg, Dalum, på grund av sjukdom (blodpropp)
              är oförmögen till arbete under minst 5 veckor framåt från denna
              dag räknat, intygas härmed på heder och samvete.
            </seg>
          </u>
          <note xml:id="i-ELQEv1JyGCmY5osR5tADX9">
            Ulricehamn den 10 februari 1926.
          </note>
          <note xml:id="i-EEsRf5SPGXMvaQxbnyLmJB">
            E. N. V. Ericsson, leg. läk.
          </note>
          <note xml:id="i-E7TtonF6f77AUF7x2GSCwY">
            § 3. Avlämnades följande Kungl. Maj:ts propositioner, nämligen:
            av herr statsrådet Wigforss propositionerna:
          </note>
          <note xml:id="i-PVJUcoY8RLTrgctV8wzE3L">
            nr 67, med förslag till lag angående rätt för Konungen att i
            vissa fall förordna om kreditspärr;
          </note>
          <note xml:id="i-HW39LjRQx7rVZMA6tE9FHT">
            nr 68, angående anslag till vissa byggnadsarbeten vid statens
            sinnessjukhus; och
          </note>
          <note xml:id="i-Kdtf69FR7Vyc3RnMAj73pe">
            nr 70, angående bidrag till specialutbildning av barnsjuksköterskor;
            samt av herr statsrådet Sköld propositionerna:
          </note>
          <note xml:id="i-KnehygF3tdJq4dzNZTfJHG">
            nr 63, angående villkoren för pension åt visst indelt manskap
            vid marinen;
          </note>
          <note xml:id="i-UvL2f6PF54MJuqQw7pLMeD">
            nr 64, angående överlämnande av visst markområde till Ljungbyheds
            municipalsamhälle;
          </note>
          <note xml:id="i-E15mL3JjA5QDkpscrK4DrG">
            nr 65, angående ersättning till Axel Bernhard Axelson i anledning
            av sjukdom, ådragen under militärtjänstgöring; och
          </note>
          <note xml:id="i-vc1hjJiuhAviM548pyAhS">
            nr 71, angående åtgärder till sockerbetsodlingens uppehållande.
          </note>
          <note xml:id="i-5caUfBXELAn4hYspWt8Qub">
            Dessa propositioner bordlades.
          </note>
          <pb facs="https://betalab.kb.se/prot-1936--ak--8/prot_1936__ak__8-006.jp2/_view"/>
          <note type="date" xml:id="i-5RmPaiw9nYk6Ms4kFrqacB">
            Onsdagen den 12 februari. Nr 8. 7
          </note>
          <note xml:id="i-MzURTB8pxZFem3y6mEeDmB">
            § 4.
          </note>
          <note xml:id="i-EtDTmoNe3wjjeTcFXLjWV4">
            Föredrogos var för sig Kungl. Maj:ts å kammarens bord vilande
            propositioner; och hänvisades därvid
          </note>
          <note xml:id="i-4Z2in2gaS5SaSDMy2JKqbQ">
            till behandling av lagutskott propositionen, nr 60, med förslag
            till lag angående fortsatt giltighet av lagen den 31 maj 1932
            (nr 156) om anstånd i särskilt fall med gälds betalning; samt
          </note>
          <note xml:id="i-4qje6HZEPBng7HXCa8a2zU">
            till statsutskottet propositionerna:
          </note>
          <note xml:id="i-2sZ1wdBBzQAAvSjJo1krBk">
            nr 61, angående lån till Jönköpings läns landsting för anskaffande
            av materiell för yrkesundervisningen vid Höreda skyddshem; och
          </note>
          <note xml:id="i-VJ6jjGNwL6EyEmgtQtDZFx">
            nr 62, angående understöd åt föreningen till minne av Konung
            Oscar I och Drottning Josephina för verksamheten vid åkerbrukskolonien
            Hall.
          </note>
          <note xml:id="i-RDGFrvqd34FaAwgECgFJcB">
            S 5. Vidare föredrogs och lades till handlingarna statsutskottets
            memorial, nr
          </note>
          <note xml:id="i-UxuQ5JJsPiHGgr6oUXhrFj">
            24, i anledning av kamrarnas skiljaktiga beslut angående förstärkning
            av visst anslag under femte huvudtiteln.
          </note>
          <note xml:id="i-JMYzvKKRneKPqrxuiKY9tb">
            § 6.
          </note>
          <note xml:id="i-2rAvv1FroBvAsJWMWutPNa">
            Härefter föredrogs herr Ossbahrs vid kammarens nästföregående
            sammanträde gjorda, men då bordlagda anhållan att till herr statsrådet
            och chefen för försvarsdepartementet få framställa spörsmål angående
            anskaffande av ett bomb-, torpedoch fjärrspaningsflygförband;
            och blev ifrågavarande anhållan av kammaren bifallen.
          </note>
          <note xml:id="i-DJnC2ow4SKBx6iLML7Y9ni">
            § 7.
          </note>
          <note xml:id="i-2g5xnSatp1faq7hEHTYvBU">
            Till avgörande företogs nu statsutskottets utlåtande, nr 20,
            i anledning av Kungl. Maj:ts i statsverkspropositionen gjorda
            framställning angående grunderna för bestämmandet av provisoriskt
            dyrortstillägg m. m. åt vissa befattningshavare 1 statens tjänst
            jämte en i ämnet väckt motion m. m.
          </note>
          <note xml:id="i-6YLuHrE2ESEZx7gztt7kCs">
            Uti innevarande års statsverksproposition hade Kungl. Maj:t,
            under åberopande av det vid propositionen under rubrik: »Utgifterna.
            För flera huvudtitlar gemensamma frågor; 2. Provisoriskt dyrortstillägg
            åt vissa befattningshavare 1 statens tjänst» fogade utdraget av
            statsrådsprotokollet över finansärenden för samma dag, föreslagit
            riksdagen dels medgiva, att provisoriskt dyrortstillägg åt vissa
            befattningshavare i statens tjänst finge efter av departementschefen
            föreslagna grunder under budgetåret 1936/1937 utgå enligt de närmare
            föreskrifter, som meddelades av Kungl. Maj:t; dels ock besluta,
            att utgifterna för det provisoriska dyrortstillägget skulle beträffande
            befattningshavare vid de affärsdrivande verken, bankoch fondinspektionen,
            sparbanksinspektionen, försäkringsinspektionen och statens pensionsanstalt
            bestridas från de medel, av vilka verkets eller institutionens
            utgifter i övrigt bestredes.
          </note>
          <note xml:id="i-QTAm9vA5xawDTLLLHSjbhZ">
            Vidare hade Kungl. Maj:t i statsverkspropositionen under punkten
            175 av fjärde huvudtiteln föreslagit riksdagen dels för beredande
            av provisoriskt dyrortstillägg åt vissa befattningshavare i statens
            tjänst för budgetåret 1936/ 1937 anvisa ett förslagsanslag av
            366,000 kronor; dels ock medgiva, ej mindre att å hyresbidragen
            till de beställningshavare av manskapsgrad, till vilka lön utginge
            enligt i avlöningsreglementet den 11 maj 1928 för fast anställt
            manskap vid försvarsväsendet intagna löneplaner och som hade Stockholm
            såsom förläggningsort, finge under budgetåret 1936/1937 utgå tillfällig
            förstärkning
          </note>
          <note xml:id="i-8Z6J4mBdnbJyRGSJ1AgUuM">
            Ang. provi-
          </note>
          <note xml:id="i-E9mscggC4qhmWWdyVnThov">
            soriskt dyr-
          </note>
          <note xml:id="i-HBgFH8B6KvGWoM74K256St">
            ortstillägg åt
          </note>
          <note xml:id="i-83b4nHZzk6aAhztWVTZFSs">
            vissa befatt-
          </note>
          <note xml:id="i-S1nD3cPnGCBFTw7MxoswW1">
            ningshavare i
          </note>
          <note xml:id="i-MM5L1HHDK42rvqozz2otti">
            statens tjäns m. m.
          </note>
          <pb facs="https://betalab.kb.se/prot-1936--ak--8/prot_1936__ak__8-007.jp2/_view"/>
          <note type="date" xml:id="i-6mC6kmdZKmmJhMQhbwHvcD">
            8 Nr 8. Onsdagen den 12 februari.
          </note>
          <note xml:id="i-RzVpczySe63MYFxgHNx6te">
            Ang. provisoriskt dyrortstillägg åt vissa befattningshavare i
            statens tjänst m. m. (Forts.) med ett efter 240 kronor för år
            beräknat belopp, än även att härav föranledda kostnader finge
            bestridas från vederbörande under fjärde huvudtiteln uppförda
            anslag till personalens avlöning.
          </note>
          <note xml:id="i-L6BXapxJtmfMFn4cxeweoB">
            I sammanhang med Kungl. Maj:ts förevarande förslag hade utskottet
            behandlat en inom andra kammaren av herr Hansson i Rubbestad m.
            fl. väckt motion, nr 531, vari föreslagits, att riksdagen måtte
            besluta, att provisoriskt dyrortstillägg åt vissa befattningshavare
            i statens tjänst skulle under budgetåret 1936/ 1937 utgå enligt
            samma grunder, som gällde för budgetåret 1934/1935.
          </note>
          <note xml:id="i-N8cU1G3L3yJa7UWy4aNZYc">
            Utskottet hemställde, att riksdagen måtte
          </note>
          <note xml:id="i-CinskLe54xVMGSapqTVf4w">
            a) med avslag å ovanberörda motion, i vad den skilde sig från
            Kungl. Maj:ts förslag, medgiva, att provisoriskt dyrortstillägg
            åt vissa befattningshavare i statens tjänst finge efter av departementschefen
            föreslagna grunder under budgetåret 1936/1937 utgå enligt de närmare
            föreskrifter, som meddelades av Kungl. Maj:t;
          </note>
          <note xml:id="i-5DeSrcaGSJfkajSnSpWCpy">
            b) till provisoriskt dyrortstillägg åt vissa befattningshavare
            i statens tjänst under fjärde huvudtiteln för budgetåret 1936/1937
            anvisa ett förslagsanslag av 366,000 kronor;
          </note>
          <note xml:id="i-HMwfXaTJrSNufb4ESvM4y">
            ce) besluta, att utgifterna för det provisoriska dyrortstillägget
            skulle beträffande befattningshavare vid de affärsdrivande verken,
            bankoch fondinspektionen, sparbanksinspektionen, försäkringsinspektionen
            och statens pensionsanstalt bestridas från de medel, av vilka
            verkets eller institutionens utgifter i övrigt bestredes; samt
          </note>
          <note xml:id="i-Ry6gXvjRFAMGJ5cKMkUamE">
            d) medgiva, ej mindre att å hyresbidragen till de beställningshavare
            av manskapsgrad, till vilka lön utginge enligt i avlöningsreglementet
            den 11 maj 1928 för fast anställt manskap vid försvarsväsendet
            intagna löneplaner och som hade Stockholm såsom förläggningsort,
            finge under budgetåret 1936/1937 utgå tillfällig förstärkning
            med ett efter 240 kronor för år beräknat belopp, än även att härav
            föranledda kostnader finge bestridas från vederbörande under fjärde
            huvudtiteln uppförda anslag till personalens avlöning.
          </note>
          <note xml:id="i-SVmbka5ytisR5QWoLig7iR">
            Utskottets hemställan föredrogs; och yttrade därvid:
          </note>
          <note type="speaker" xml:id="i-4bdjimXNFo72WwuAaE7965">
            Herr Hansson i Rubbestad:
          </note>
          <u who="unknown" xml:id="i-e97ef8b3e41de114-0">
            <seg xml:id="i-2v5trUGp5FCtfP4YaHBAEi">
              Herr talman! Jag förstår ju, att det icke kan vara mycken nytta
              med att yttra sig i denna fråga, när statsutskottets samtliga
              ledamöter tillstyrkt det framlagda förslaget, men jag kan icke
              underlåta att inlägga en bestämd protest mot den, enligt mitt
              sätt att se, synnerligen orättvisa löneförhöjning, som lämnas
              vissa befattningshavare i statens tjänst.
            </seg>
            <seg xml:id="i-VLsf32ojSs16rXtCwY7nne">
              Då man beslutade dessa dyrortstillägg menade man, förmodar jag,
              att de skulle utgöra en kompensation för ökade levnadskostnader
              på de orter, för vilka de skulle gälla. Men är detta verkligen
              fallet? Om man ser efter i den kungl. propositionen vid fjolårets
              riksdag, finner man, att det visst icke då hade förelegat någon
              höjning av levnadskostnaderna utan tvärtom en sänkning. Departementschefen
              sade nämligen, att den senaste ökningen av indextalet för levnadskostnadsundersökningen
              icke hade föranletts av en faktisk böjning av levnadskostnaderna
              i i Stockholm, samt fortsatte: »Av en undersökning, som jag på
              grundval av socialstyrelsens material låtit verkställa, framgår
              1 stället, att levnadskostnaderna i Stockholm sedan 1928 sjunkit.
              Orsaken till indextalets kraftiga stegring torde vid sådant förhållande
              vara att söka däruti, att levnadskostnaderna i Stockholm sjunkit
              mindre kraftigt än å andra orter.»
            </seg>
            <seg xml:id="i-TYrv6eET32zwp7UY4JgxmS">
              Nu tycker man, att det är märkvärdigt, att befattningshavarna
              i Stock-
            </seg>
          </u>
          <pb facs="https://betalab.kb.se/prot-1936--ak--8/prot_1936__ak__8-008.jp2/_view"/>
          <note type="date" xml:id="i-Fhwq2oVdvAT4pySob7Pgu2">
            Onsdagen den 12 februari. Nr 8. 9
          </note>
          <note xml:id="i-H3FrqsHxmoY1Dxg9qztqzg">
            Ang. provisoriskt dyrortstillägg åt vissa befattningshavare i
            statens tjänst
          </note>
          <u who="unknown" xml:id="i-e97ef8b3e41de114-1">
            <seg xml:id="i-Y58EGv5HoMHy6VEq6hodf6">
              m. m. (Forts.) holm skola få ett extra tillägg därför att levnadskostnaderna
              här icke hava sjunkit lika mycket som på andra trakter. Någon
              ökning har tydligt bevisats ej hava förekommit. Det enda rättvisa
              hade naturligtvis varit, att man i stället för andra trakter,
              där levnadskostnaderna sjunkit mera, företagit en sänkning med
              avseende å dyrortstilläggen.
            </seg>
            <seg xml:id="i-Wh49F12nT1PcagqKN8xUpU">
              I fjol, när frågan avgjordes, var det ganska delade meningar
              om det berättigade i anordningen. Det var icke mindre än åtta
              ledamöter av statsutskottet, som då reserverade sig. Att dessa
              icke nu reserverat sig, har jag litet svårt att förstå, ty jag
              kan icke finna, att några som helst motiv föreligga för att man
              skall behålla dessa tillägg i fortsättningen. Tvärtom: socialstyrelsen
              har påvisat, att orsaken till att Stockholm kommit i högre dyrortsgrupp
              har varit de höga hyror, som gällt här. Men sedan fjolåret hava
              hyrorna även i Stockholm börjat sjunka, varför det nu föreligger
              mindre behov av dessa dyrortstillägg än tidigare.
            </seg>
            <seg xml:id="i-JrdPkbFvKpCm8nGNRg1hrh">
              Alla talare, som yttrade sig i fjol i debatten, både i första
              kammaren och i denna kammare, påvisade också de ganska otillförlitliga
              beräkningsgrunder, som socialstyrelsen använt vid beräkningen
              av dessa indextal. Det önskemålet framkastades också, att man
              så snart som möjligt skulle komma till bättre förhållanden beträffande
              dessa beräkningsgrunder. Man hade därför hoppats, att Kungl. Maj:t
              till innevarande riksdag hade försökt vidtaga åtgärder för att
              få bättre beräkningsgrunder, men något sådant har icke synts till.
              Om nu riksdagen utan vidare skall acceptera detta ståndpunktstagande
              och fortfarande gå med på dessa provisoriska dyrortstillägg, då
              kan man vara förvissad, att de komma att fortfara i all framtid.
              Jag anser därför, att det är nödvändigt med en utredning för att
              få bättre beräkningsgrunder. För att få denna så snart som möjligt
              till stånd, anser jag lyckligt, om riksdagen nu ville gå på avslag
              på Kungl. Maj:ts framlagda förslag och i stället bifalla motionen.
            </seg>
            <seg xml:id="i-KCvVwv9RVTFMKwSYk9dfbn">
              Herr talman! Jag ber att med dessa ord få yrka bifall till den
              av mig med flera i ämnet väckta motionen.
            </seg>
          </u>
          <note type="speaker" xml:id="i-UmqM8keeKf3hhKoBXk8Gni">
            Herr Anderson i Råstock:
          </note>
          <u who="Q6086540" xml:id="i-8b7fa3b63d4a40da-0" next="i-Y38vJRqVv2YuT9KRZWAvUL">
            <seg xml:id="i-RdhjjCLsbwCNNj3mPp1tXm">
              Herr talman! Som den föregående ärade talaren erinrade, avgjordes
              denna fråga i fjol. Men det var icke riktigt så, som han ville
              göra gällande, att meningarna voro delade om det berättigade i
              detta utan snarare så, att den stora majoriteten slogs egentligen
              om, huruvida det skulle vara efter den normen, att de, som hade
              mycket, skulle få mera, eller efter den normen, att alla skulle
              få lika mycket. Den senare uppfattningen segrade. Frågan blev
              visserligen avgjord i trötthetens tecken, kan man säga, en förnatt
              här i kammaren. Jag tycker dock, att det beslut, som fattades
              då, var så pass riktigt och rättvist, att det finnes all anledning
              för kammaren att i dag förnya det. Inga ändringar ha i det nu
              föreliggande förslaget vidtagits i annat avseende än att några
              extra befattningshavare med ytterst låga löner också skulle få
              denna tia per månad, som detta förslag innefattar.
            </seg>
          </u>
          <u xml:id="i-Y38vJRqVv2YuT9KRZWAvUL" prev="i-8b7fa3b63d4a40da-0" who="Q6086540">
            <seg xml:id="i-QVDeqY72NJqjPo2yxMJAqn">
              Jag tillåter mig, herr talman, att yrka bifall till utskottets
              hemställan.
            </seg>
          </u>
          <note type="speaker" xml:id="i-16Jzi93DYgKiKaJZ9GfvWd">
            Herr Magnusson i Skövde:
          </note>
          <u who="Q5972050" xml:id="i-2443a9a95f805383-0" next="i-2443a9a95f805383-1">
            <seg xml:id="i-6sBJUEx5itxvtTzGWDMaH9">
              Herr talman! Jag tillhörde i fjol reservanterna i detta ärende,
              både i statsutskottet och lönenämnden, där jag hade tillfälle
              att vara med om frågans behandling. Jag kan ju hava rätt att här
              nämna, att när frågan var före i statsutskottet i plenum, efterlyste
              jag någon hjälp att kunna reservera mig även i år, men då all
              hjälp uteblev, ansåg jag lön-
            </seg>
          </u>
          <pb facs="https://betalab.kb.se/prot-1936--ak--8/prot_1936__ak__8-009.jp2/_view"/>
          <note type="date" xml:id="i-MxbHrCNbNV73W7umXrRnZL">
            10 Nr 8. Onsdagen den 12 februari.
          </note>
          <u who="Q5972050" xml:id="i-2443a9a95f805383-1" prev="i-2443a9a95f805383-0">
            <seg xml:id="i-Ux35Z8vC594joZc1umCEB7">
              Ang. provisoriskt dyrortstillägg åt vissa befattningshavare i
              statens tjänst m. m. (Forts.) löst att reservera mig. Jag ansåg
              detta vara ett tecken på, att man fann sig böra respektera fjolårets
              beslut och således icke nu böra riva upp frågan.
            </seg>
            <seg xml:id="i-KdqixUUgHQh2E2jSvxKRju">
              Jag skulle hava önskat, att herr Hansson i Rubbestad använt det
              nit, han här visat, litet tidigare genom att förmå sina meningsfränder
              att biträda med en reservation i utskottet. Då hade vi haft ett
              annat utgångsläge. Som frågan nu ligger, har jag intet annat att
              göra än att rösta för bifall till utskottets hemställan.
            </seg>
          </u>
          <note type="speaker" xml:id="i-Wv8yfNviDGuXBD49tMaNkf">
            Herr Hansson i Rubbestad:
          </note>
          <u who="unknown" xml:id="i-e97ef8b3e41de114-2">
            <seg xml:id="i-WP9KotR4hAZn6GuFKsRcsP">
              Herr talman! Herr Andersons i Råstock påstående, att det icke
              var delade meningar annat än i fråga om beloppets storlek, är
              icke fullt med sanningen överensstämmande. Det förelåg nämligen
              två reservationer, en på rent avslag och en annan, som hade två
              personer som Företrädare och som gick på den linje, som herr Anderson
              i Råstock här berörde.
            </seg>
            <seg xml:id="i-RCTg2qPDpmdNJasFRxkdfX">
              Vad sedan beträffar, att jag borde hava påverkat mina kamrater
              i statsutskottet, så har jag försökt att göra det, men det har
              icke lyckats. Jag kan dock för min del icke falla till föga, utan
              anser det vara synnerligen orättvist — något som också med tiden
              kommer att inses av alla — att, då levnadskostnaderna icke stigit
              utan sjunkit, göra denna ökning. Den ståndpunkten vidhåller jag.
            </seg>
          </u>
          <note type="speaker" xml:id="i-Qg58nHg6TWDx1Kd3SZCBtf">
            Herr Anderson i Råstock:
          </note>
          <u who="Q6086540" xml:id="i-8b7fa3b63d4a40da-1">
            <seg xml:id="i-WNf4LmFA4xPQjZtgRwYQJt">
              Herr talman! När det nu blir så mycket tal om de olika linjer,
              som förelågo i fjol, kanske man får bringa i erinran, att det
              var också de, som ansågo, att endast de militära befattningshavarna
              skulle hava den hjälp, som då föreslogs. Jag vet icke, om herr
              Hansson vill räkna sig till dem eller till de andra. Men jag menade,
              att det var riktigt, att om man skulle hjälpa de militära befattningshavarna,
              så skulle man också lämna samma förmån till de civila. Den ståndpunkten
              vidhåller jag. Jag kan vända om problemet och säga, att skola
              de civila hava, så böra även militärerna hava. Jag försöker att
              hålla rak kurs på bägge hållen.
            </seg>
          </u>
          <note xml:id="i-8wjJesn9k9crvgkJXCXofy">
            Sedan överläggningen härmed förklarats avslutad, framställde
            herr talmannen först propositioner angående utskottets hemställan
            i mom. a), nämligen dels på bifall till berörda hemställan, dels
            ock på bifall till den i ämnet väckta motionen; och fattade kammaren
            beslut i enlighet med innehållet i den förra propositionen.
          </note>
          <note xml:id="i-59g4pzRkA8UTSn4QFPmcTr">
            Vidare blevo på av herr talmannen därå givna särskilda propositioner
            utskottets hemställanden i mom. b)—d) av kammaren bifallna.
          </note>
          <note xml:id="i-EsTnSpWpPKWY4jqkZ6Ackx">
            § 8.
          </note>
          <note xml:id="i-A3QXSJMRr6NB9SrzahdBx1">
            Slutligen föredrogos vart efter annat statsutskottets utlåtanden:
          </note>
          <note xml:id="i-PmwMmAECGGicQmUH41Z455">
            nr 21,:i anledning av Kungl. Maj:ts proposition angående bidrag
            till Svenska Järnvägsmännens vilohemsförening u. p. a. för utvidgning
            av föreningens semesterhem å Hällekind;
          </note>
          <note xml:id="i-HxjGPtVV2pufmhQRWU8BaC">
            nr 22, i anledning av Kungl. Maj:ts proposition angående efterskänkande
            av återbetalningsskyldigheten beträffande av reparatören H. C.
            T. Lund oriktigt uppburna dyrtidstillägg; och
          </note>
          <note xml:id="i-8qtWmLpXX2sqqtVh1jAa5m">
            nr 23, i anledning av Kungl. Maj:ts i statsverkspropositionen
            under utgifter för kapitalökning gjorda framställning om anslag
            till studielånefonden.
          </note>
          <note xml:id="i-9SrHjEHJsjp86tmFE3yER2">
            Kammaren biföll vad utskottet i dessa utlåtanden hemställt.
          </note>
          <pb facs="https://betalab.kb.se/prot-1936--ak--8/prot_1936__ak__8-010.jp2/_view"/>
          <note type="date" xml:id="i-XHb76NVGwhRRMyVQDY82hU">
            Onedagen den 12 februari. Nr 8. 11
          </note>
          <note xml:id="i-GyKNNHAjKckj9duLoJXHRY">
            § 9.
          </note>
          <note xml:id="i-KExgTSGPfDtRd155GX85K8">
            | Herr Arnemark avlämnade en av honom mn. fl. undertecknad motion
            i anledning av Kungl. Maj:ts proposition, nr 53, angående avlöningsanslag
            till pensionsstyrelsen för budgetåret 1936/1937.
          </note>
          <note xml:id="i-W5kd4d22hbQ8iP3htoajLV">
            Denna motion, som erhöll ordningsnumret 628, bordlades.
          </note>
          <note xml:id="i-9sUAKna6yr42KPvjHM1P1V">
            § 10.
          </note>
          <note type="speaker" xml:id="i-BLtzkym4aeymjvME1QGMv2">
            Herr statsrådet Leo avlämnade Kungl. Maj:
          </note>
          <note xml:id="i-XSteNUo5mGhsqwbs7TimCC">
            ts propositioner:
          </note>
          <note xml:id="i-UPvWZPoxL91uqEaYEVKmuF">
            nr 69, med förslag till lag angående ändrad lydelse av 75 $ lagen
            den 7 juni 1934 (nr 242) om vägdistrikt; och
          </note>
          <note xml:id="i-RYU9ZtC7to1Q9TVG62JEK6">
            nr 72, angående utbetalning av preskriberade skadestånd till
            viss personal vid statens järnvägar.
          </note>
          <note xml:id="i-QjHaaJv6EXUqZY7ZHDFWsZ">
            Nämnda propositioner bordlades.
          </note>
          <note xml:id="i-QL4M5ywNNvXwxmX2pPbwYQ">
            § 11.
          </note>
          <note type="speaker" xml:id="i-FUQmKXLtLh1sGSyHjb1wgB">
            Ordet lämnades härefter på begäran till herr Anderson i Norrköping,
            som Interpellation. anförde:
          </note>
          <u who="Q5553542" xml:id="i-8b7fa3b63d4a40da-2" next="i-PApd6HiQ8F8LCH7iS8tiiS">
            <seg xml:id="i-AjKWitN9jrV6oAmCodSKmV">
              Herr talman! Länsstyrelsen i Jönköpings län ingav den 14 februari
              1933 en till Konungen ställd skrivelse, vari framhölls, att nu
              gällande bestämmelser i fråga om kontroll av den ambulerande kötthandeln
              icke syntes vara tillfyllest för undanröjande av de sanitära olägenheter,
              vilka i ett stort antal fall voro förenade med ifrågavarande slag
              av handel. Medicinalstyrelsen avgav den 3 februari 1934 yttrande
              över denna framställning. Medicinalstyrelsen anförde härvid bl.
              a., att på grund av automobilismens starka utveckling under de
              senare åren ambulerande handel med kött och köttvaror kommit att
              taga en allt större omfattning. Medicinalstyrelsen uttalade vidare,
              att det vore vanligt, att för köttdistributionen å landsbygden
              använda automobiler hade sin hemort flera mil från avsättningsorten,
              och att samma ort besöktes av flera olika »köttbilar», varigenom
              det vore så gott som omöjligt för köparna av de salubjudna köttvarorna
              att skaffa sig ett någorlunda tillförlitligt omdöme om kvaliteten
              och den sanitära beskaffenheten av de olika försäljarnas varor.
              Det hörde icke till ovanligheten, att t. ex. i charkuterivaror,
              korv m. m., som salufördes vid dylik ambulerande handel, inginge
              okontrollerat kött, som, därest det hade undergått veterinärbesiktning,
              skulle ha befunnits otjänligt till människoföda. För att råda
              bot på det sanitära missförhållandet vid den ambulerande handeln
              med köttvaror, ansåg medicinalstyrelsen det nödvändigt ändra nu
              gällande stadganden i näringsfrihetsförordningen därhän, att en
              yrkesmässigt bedriven kringföringshandel med köttvaror bleve underkastad
              reglerande sanitära föreskrifter, någorlunda likvärdiga med dem,
              som gälla för butikshandeln. Till medicinalstyrelsens yttrande
              var fogat ett förslag till kungörelse med kontrollbestämmelser
              angående ambulerande handel med kött och köttvaror. Över medicinalstyrelsens
              framställning avgav kommerskollegium, efter att ha inhämtat näringsorganisationernas
              och handelskamrarnas mening, yttrande den 19 december 1934. Kommerskollegium
              tillstyrkte åtgärder i av medicinalstyrelsen angiven riktning.
            </seg>
          </u>
          <note xml:id="i-WnUSBh7z33cVtSn2BKA9CR">
            Sveriges köpmannaförbund ingav den 18 december 1934 en framställning
            till Konungen, vari bl. a. hemställdes om sådan ändring i näringsfrihetsförordningen,
            att för bedrivande av varje form av ambulerande handel, alltså
            även den med livsmedel m. m., skulle erfordras tillståndsbevis
            utfärdat av vederbörande myndigheter. Vid prövning av ansökan
            om tillstånd för kring-
          </note>
          <pb facs="https://betalab.kb.se/prot-1936--ak--8/prot_1936__ak__8-011.jp2/_view"/>
          <note type="date" xml:id="i-6wcUPwb2rA81QPeD7rqibS">
            12 Nr 8. Onsdagen den 12 februari.
          </note>
          <u who="Q5553542" xml:id="i-8b7fa3b63d4a40da-3" prev="i-8b7fa3b63d4a40da-2">
            <seg xml:id="i-4PfCqrt5pLFoVnLaxCLnuY">
              Interpellation. (Forts.) föringshandel borde främst beaktas,
              huruvida kringföringshandel verkligen ur konsumenternas synpunkt
              vore av behovet påkallad. I de fall, där så kunde anses vara förhållandet,
              borde enligt köpmannaförbundets mening beträffande ambulerande
              livsmedelshandel av medicinalstyrelsen föreslagna sanitära bestämmelser
              iakttagas. Köpmannaförbundets framställning var undertecknad av
              31,100 personer, representerande skilda medborgargrupper. Bland
              undertecknarna märktes sålunda ett stort antal kommunalmän samt
              köpmän inom olika branscher liksom konsumenter i allmänhet. Ett
              antal riksorganisationer inom svensk trädgårdsodling inlämnade
              den 10 januari 1935 en skrivelse till Konungen, vari man uttalade
              sin anslutning till köpmannaförbundets framställning.
            </seg>
          </u>
          <u xml:id="i-BMCER71KzDik3R32dLFb58" prev="i-8b7fa3b63d4a40da-2" who="Q5553542">
            <seg xml:id="i-W7VmenKAJtkL6BFWPASnSi">
              Såväl vid 1934 som 1935 års riksdag väcktes motioner om lagstiftning
              rörande kringföringshandel. Motionerna avslogos emellertid av
              riksdagen i enlighet med första lagutskottets hemställan. Beträffande
              det i motionerna framförda yrkandet om viss reglering av kringföringshandeln
              inom livsmedelsbranschen anförde första lagutskottet i sitt utlåtande
              nr 45 vid 1934 års riksdag, att »medicinalstyrelsen inkommit med
              en framställning till Kungl. Maj:t rörande den ambulerande handeln
              med kött och köttvaror, vilken framställning för närvarande är
              föremål för kommerskollegii prövning. Det torde vid nu angivna
              förhållanden icke föreligga anledning för riksdagen att påkalla
              åtgärder i ämnet.» Vid 1935 års riksdag anförde första lagutskottet
              i sitt utlåtande nr 28 i samma ärende, att »denna fråga blivit
              föremål för nyligen avslutad utredning. Den lärer ock kunna antagas
              inom kort bli föremål för Kungl. Maj:ts prövning. Vid sådana förhållanden
              torde någon framställning från riksdagens sida ej bliva erforderlig.»
              Första lagutskottets avstyrkande av motionerna angående den ambulerande
              livsmedelshandeln synes alltså främst ha föranletts av att frågan
              var föremål för Kungl. Maj:ts prövning och att man kunde vänta,
              att Kungl. Maj:t skulle framlägga en proposition 1 ärendet.
            </seg>
          </u>
          <u who="Q5553542" xml:id="i-8b7fa3b63d4a40da-4" prev="i-8b7fa3b63d4a40da-2">
            <seg xml:id="i-LTBcUppEaPw3DX58BE1t1U">
              Någon sådan proposition har emellertid ännu icke framlagts. Framställningarna
              från Sveriges köpmannaförbund och riksorganisationerna inom trädgårdsodlingen
              ha ej ens remitterats till vederbörande myndigheter för yttrande.
              Medicinalstyrelsens av kommerskollegium tillstyrkta författningsförslag
              rörande kontrollbestämmelser angående ambulerande handel med kött
              och köttvaror har ej heller föranlett någon regeringens åtgärd.
              Medan den fasta detaljhandeln i konsumenternas intressen regleras
              genom allehanda kontrollbestämmelser, fortgår sålunda den ambulerande
              handeln, och särskilt den ambulerande handeln med livsmedel, praktiskt
              taget obunden av varje kontroll. Detta är desto betänkligare,
              som enligt medicinalstyrelsens uttalande ambulerande försäljare
              saluföra charkuterioch köttvaror, vilka ej sällan äro otjänliga
              till människoföda.
            </seg>
            <seg xml:id="i-C9zVSv8cjtAHPaVRTSRWYK">
              Av ovan anförda framgår, att en mycket stark opinion icke blott
              inom köpmannakåren utan även bland kommunalmän och representanter
              för konsumentintresset står bakom önskemålet om en lagstiftning
              i det syfte, som angivits i de berörda framställningarna från
              näringsorganisationerna och som förordats av medicinalstyrelsen
              och kommerskollegium. Ett regeringsinitiativ i detta syfte skulle
              i vida kretsar hälsas med tillfredsställelse. Då det synes angeläget,
              att riksdagen får kännedom om resultatet av den prövning, som
              regeringen torde hava underkastat ifrågavarande framställningar,
              anhåller jag om kammarens tillstånd att till herr statsrådet och
              chefen för handelsdepartementet få framställa följande spörsmål:
            </seg>
            <seg xml:id="i-TuTYQ1ycnoQcQaTBErWgqu">
              Har riksdagen att förvänta något förslag från Kungl. Maj:t med
              anledning av medicinalstyrelsens och ett flertal näringsorganisationers
              framställ-
            </seg>
          </u>
          <pb facs="https://betalab.kb.se/prot-1936--ak--8/prot_1936__ak__8-012.jp2/_view"/>
          <note type="date" xml:id="i-QCrC4PRpJ5iatu27eFhKms">
            Onsdagen den 12 februari. Nr 8. 13
          </note>
          <note xml:id="i-G9P1VgWYJyCaD7DEZZNKbd">
            Interpellation. (Forts.) ningar rörande behovet av en skärpt
            kontroll av den ambulerande handeln, i första rummet handeln med
            livsmedel?
          </note>
          <note xml:id="i-Lav39fGECSD7fMrVgAcVAp">
            Ifrågavarande anhållan blev på begäran bordlagd.
          </note>
          <note xml:id="i-498PCLePh33NmUQECMM9wV">
            § 12.
          </note>
          <note xml:id="i-Dy9dCLaH9aZidgzZqfpMru">
            Anmäldes och godkändes följande förslag till riksdagens skrivelser
            till Konungen, nämligen:
          </note>
          <note xml:id="i-ExA1zXyQwZy76Wrt845F6L">
            från statsutskottet, nr 18, i anledning av vissa utav Kungl.
            Maj:t under riksstatens åttonde huvudtitel gjorda framställningar
            angående anslag till kommunala och enskilda anstalter för yrkesundervisning;
            samt
          </note>
          <note xml:id="i-249zniAt49qBGBEzRPsFjR">
            från jordbruksutskottet:
          </note>
          <note xml:id="i-KDWzgMd5KQbQcBddSxt8uq">
            nr 19, i anledning av Kungl. Maj:ts proposition angående förstärkning
            av nionde huvudtitelns anslag till kommittéer och utredningar
            genom sakkunniga;
          </note>
          <note xml:id="i-ULXGGQgjtQQGczCxAuQMnm">
            nr 20, i anledning av Kungl. Maj:ts proposition angående avlöningsoch
            pensionsförhållanden för kronojägaren å indragningsstat vid domänverket
            E. J. Grafström; och
          </note>
          <note xml:id="i-3j7SbPSDwZ5hMtbegpGKgv">
            nr 21, i anledning av Kungl. Maj:ts proposition angående rätt
            för distriktsveterinär att för löneklassplacering tillgodoräkna
            viss föregående tjänstgöring.
          </note>
          <note xml:id="i-C2Ncm4ezwdePUMT4CJoNDA">
            § 13.
          </note>
          <note xml:id="i-QGP1KmbpVL7GVzb7ujhsEQ">
            Till bordläggning anmäldes:
          </note>
          <note xml:id="i-682qGKEXiL34LPNQQjENLk">
            statsutskottets utlåtanden:
          </note>
          <note xml:id="i-8fmNf7hKB8dfHtV6RGAnwy">
            nr 25, i anledning av Kungl. Maj:ts i statsverkspropositionen
            under utgifter för kapitalökning gjorda framställning om anslag
            till tecknande av aktier 1 aktiebolaget Aerotransport; och
          </note>
          <note xml:id="i-2fc8D3dmqz1wUXEsNM9yrS">
            nr 26, i anledning av väckt motion om anslag för bestridande
            av vissa kostnader i samband med tvist om kraftleverans från Trollhätte
            kraftverk;
          </note>
          <note xml:id="i-QyW4b6iwyauoRBGbwrsism">
            bevillningsutskottets betänkande, nr 3, i anledning av Kungl.
            Maj:ts proposition angående ändrade grunder för lämnande av ersättning
            av statsmedel för taxeringsarbete i Stockholms stad m. m.;
          </note>
          <note xml:id="i-XPDmZoiZcbe3ZuD9BnZEsy">
            första lagutskottets utlåtanden:
          </note>
          <note xml:id="i-PgeoiG3ALuTF6oA4qe8hAU">
            nr 3, i anledning av väckta motioner angående inskränkning i
            fråga om uppläsandet av världsliga kungörelser vid svenska kyrkans
            gudstjänster;
          </note>
          <note xml:id="i-MuDFbu9XZv7zaoXebE9cJm">
            nr 4, i anledning av väckt motion angående förbud för politiska
            partier att använda främmande makters rikssymboler i sin verksamhet;
          </note>
          <note xml:id="i-XGLKN38AFnetQ2tkmacf9N">
            nr 5, i anledning av väckt motion rörande understöd från allmänna
            arvsfonden;
          </note>
          <note xml:id="i-Uo6Lu3QMEwBMRFyab11FD7">
            nr 6, i anledning av väckt motion rörande ändring av gällande
            införsellag; och
          </note>
          <note xml:id="i-CVaLt29Jx2bEyZ7n5vVA8f">
            nr 7, i anledning av väckt motion angående vissa ändringar i
            gällande bestämmelser om utomäktenskapligt barns arvsrätt m. m.;
          </note>
          <note xml:id="i-LnyZiNucXyth9s9kJXXzzo">
            andra lagutskottets utlåtanden:
          </note>
          <note xml:id="i-3DD94qbxJQVESLCpJLbkgR">
            nr 4, i anledning av väckt motion angående åstadkommande av obligatorisk
            olycksfallsförsäkring för hela folket inom viss åldersgräns;
          </note>
          <pb facs="https://betalab.kb.se/prot-1936--ak--8/prot_1936__ak__8-013.jp2/_view"/>
          <note type="date" xml:id="i-5rW8BDNmrh91RZ3Z62UC7d">
            14 Nr 8. Onsdagen den 12 februari.
          </note>
          <note xml:id="i-LBmnVXUReosNHLxpDSpktt">
            nr 5, i anledning av väckta motioner rörande utvidgning av den
            frivilliga försäkringen enligt lagen om försäkring för olycksfall
            i arbete;
          </note>
          <note xml:id="i-DmvjHCZNhnwnU4cTpSQorx">
            nr 6, i anledning av väckt motion om viss utvidgning av den gällande
            obligatoriska statliga olycksfallsförsäkringen;
          </note>
          <note xml:id="i-NREDaoGFDE2gbieVutgJrR">
            nr 7, i anledning av väckt motion angående lagstadgad rätt till
            understöd för varje behövande arbetslös;
          </note>
          <note xml:id="i-Ldc1LHhvWfvWfPnpVmkUVt">
            nr 8, i anledning av väckt motion angående vidtagande av förnyad
            utredning om enhetsprisföretagens sociala och ekonomiska verkningar;
          </note>
          <note xml:id="i-BbLXEdV1gWx7YRR6E5ByUy">
            nr 9, i anledning av väckt motion angående vissa yrkesinspektionen
            berörande förhållanden; och
          </note>
          <note xml:id="i-23zALQRZAALgjN7vu8Ecdh">
            nr 10, i anledning av väckt motion angående förbättring av de
            hygieniska förhållandena å arbetsplatser med kvinnlig eller minderårig
            arbetskraft;
          </note>
          <note xml:id="i-VJaWGFcfttfVPWrCN468N">
            Jordbruksutskottets utlåtanden:
          </note>
          <note xml:id="i-NQgmHPk3UrPmEmFefg8LeX">
            nr 6, i anledning av Kungl. Maj:ts proposition angående befrielse
            för J. O. Wiklund, Kalvträsk, från viss betalningsskyldighet;
          </note>
          <note xml:id="i-3B2smGHPfeQSMvPaLXPDsW">
            nr 7,1 anledning av Kungl. Maj:ts proposition angående upplåtelse
            av viss fastighet till Malå kommun i Västerbottens län;
          </note>
          <note xml:id="i-JSjNzNFtMV4dt6d1w4tVgp">
            nr 8, i anledning av Kungl. Maj:ts proposition angående bemyndigande
            för Kungl. Maj:t att godtaga ackord å kronans fordringar för försålda
            kronoegendomar;
          </note>
          <note xml:id="i-6oGWYXdjTHBcNZRs7jaBDK">
            nr 9, i anledning av Kungl. Maj:ts proposition angående medgivande
            för Kungl. Maj:t att i vissa fall försälja kronoegendom m. m.;
          </note>
          <note xml:id="i-YQ5hndKNLUTaNTqGC2aC7J">
            nr 10, i anledning av Kungl. Maj:ts proposition med förslag till
            lag angående ändrad lydelse av 4 $ lagen den 23 december 1914
            (nr 451) om hingstbesiktningstvång; |
          </note>
          <note xml:id="i-6Q2biKwVzcUXSNcx1niLFM">
            nr 11, i anledning av Kungl. Maj:ts proposition angående nedskrivning
            av ett S. Holmgren, Vilhelmina, beviljat lån för anordnande av
            kalktillverkning;
          </note>
          <note xml:id="i-N6Qm827xSLAcf1MedHarh4">
            nr 12, i anledning av Kungl. Maj:ts proposition med förslag till
            lag om ändrad lydelse av $ 1 lagen den 6 juni 1925 (nr 382) angående
            uppvärmning av till kreatursföda avsedd mjölk m. m.;
          </note>
          <note xml:id="i-KVBZYMSvdLGdoFdEaVUe3v">
            nr 13, i anledning av Kungl. Maj:ts proposition angående försäljning
            av vissa kronan tillhöriga områden inom Karlskrona stad;
          </note>
          <note xml:id="i-6Tpdtvo9WouYZNsbyvUpLr">
            nr 14, i anledning av Kungl. Maj:ts proposition angående försäljning
            av vissa fastigheter i Stensele socken;
          </note>
          <note xml:id="i-92SkmzFe82RBeGvoaHHjei">
            nr 15, i anledning av Kungl. Maj:ts proposition angående försäljning
            av vissa kronoegendomar och lägenheter från sådana egendomar;
          </note>
          <note xml:id="i-3StX65VoKWWLkcgr4oYRc9">
            nr 16, i anledning av väckt motion angående egnahemslåneverksamheten;
            och
          </note>
          <note xml:id="i-Fv97UF8TUjVx1kShxscd7">
            nr 17, i anledning av väckta motioner om förstärkning av den
            s. k. älgskadefonden samt viss ändring i villkoren för bidrag
            ur samma fond;
          </note>
          <note xml:id="i-MGcJsYHaNK4DiExiJe4hgZ">
            andra kammarens tredje tillfälliga utskotts memorial, nr 1, i
            anledning av väckt motion om rätt att erlägga årlig automobilskatt
            i två betalningsterminer; samt
          </note>
          <note xml:id="i-NVqMAfsvaURyTbnoXbiBDm">
            andra kammarens femte tillfälliga utskotts utlåtande, nr 1, i
            anledning av väckt motion om upphävande av gällande bestämmelser
            om skyldighet för militärmanskap att giva överordnad hederstecken
            (hälsning, honnör).
          </note>
          <note xml:id="i-YY7JTXXfbxBjgNfy9PY3pe">
            § 14.
          </note>
          <note xml:id="i-TyXJyWYxFmPHzvxKNkc2qb">
            Justerades protokollsutdrag.
          </note>
          <pb facs="https://betalab.kb.se/prot-1936--ak--8/prot_1936__ak__8-014.jp2/_view"/>
          <note type="date" xml:id="i-Lntgfoe1xArar1JwEZEj4Q">
            Onsdagen den 12 februari.
          </note>
          <note xml:id="i-VYnnw16nDMfminJ4NshBpX">
            herr Ösberg
          </note>
          <note xml:id="i-K6Lqtwru3EeE7S7NEtA2Y4">
            &gt;
          </note>
          <note xml:id="i-99rAqzFgp47cJdKH9fSrfy">
            v vvs vMWyYAYsMNwN vs MVMWWwW sv MU ww Uv VU VY VV Vv Vv UV
          </note>
          <note xml:id="i-SHZov9Y6UpdkN8r42C4toh">
            Kammarens ledamöter åtskildes härefter kl. 2.33 e. m.
          </note>
          <note xml:id="i-MYXi3m58k7gwgRXU1WtQnm">
            Olsson i Ramsta Jansson
          </note>
          <note xml:id="i-FMEaAZ3dhBgS94gHmCPcwS">
            Nordström i Torsby Westman
          </note>
          <note xml:id="i-FY9qJMoHToYvSho8xkKx9P">
            Andersson i Prästbol Svensson i Grönvik Westin
          </note>
          <note xml:id="i-74nqAccqZidritzKoSxSjp">
            Olofsson i Digernäs Eriksson i Sandby Ryberg
          </note>
          <note xml:id="i-U5fjwkPiDoFatQDNjDkWdV">
            Lövgren
          </note>
          <note xml:id="i-C7psujRi64SYxDfnCqxgUX">
            Johnsson i Kalmar Olsson i Kullenbergstorp Andersson i Munkaljungby
            Persson i Falla Hagberg i Malmö Lovén
          </note>
          <note xml:id="i-SKcAxMJmR3yJngG9eUwFci">
            Ekman
          </note>
          <note xml:id="i-ENUsAd6P9rk2t2eE1SR9Yq">
            Karlsson i Munkedal Wallerius
          </note>
          <note xml:id="i-Tr37fCGNXEWAPjo3qt9vj">
            Sandström
          </note>
          <note xml:id="i-ATPgDdGZJcoZZ7n83MYxJF">
            Törnkvist i Karlskrona Lindskog
          </note>
          <note xml:id="i-TC54pHbVWpb98JYZdDPyBe">
            Johanson i Huskvarna Nilsson i Karlstad
          </note>
          <note xml:id="i-2oRNo4akWJ9b8sveMF9ojm">
            § 15.
          </note>
          <note xml:id="i-CtefxLYtzKC8BtW2dk84mB">
            under &gt;
          </note>
          <u xml:id="i-PApd6HiQ8F8LCH7iS8tiiS" prev="i-8b7fa3b63d4a40da-2" who="Q5553542">
            <seg xml:id="i-VP4MTTbf358wffWj4NB92p">
              Vv vMvwvwvyesewvMYygs sUVUvVvrVvVVvvVvvYysvvYvv Vv VY
            </seg>
          </u>
          <note xml:id="i-K9NmW6PaGnfmMpDZq4DbkL">
            Ledighet från riksdagsgöromålen beviljades: 3 dagar fr. 6 &gt;
          </note>
          <note xml:id="i-VpUaR4QS9GrGR7B4TuQMCy">
            No VI BO AM UV OTID HA I UI 00 UTN BR OR UI OR UTR VI DR
          </note>
          <note xml:id="i-P6RfwTrPDLr3jMLJAZa9zQ">
            vv Vv Yygvyuvuv vv sv vYTvMvMUYÖusvwoyvsvwywswvuy
          </note>
          <note xml:id="i-TQoMhSVdCSB7GRSq3uE6CE">
            Nr 8. 15
          </note>
          <note xml:id="i-So7iULzRhTvqccz5hDJXWF">
            o.m. den 12 febr.,
          </note>
          <note xml:id="i-PdVJhf6Zss3DVWeSMCwFzs">
            &gt;
          </note>
          <note xml:id="i-8wxncR1ZNf6duwmASYmTKy">
            vr Vv vVMwMw VY wvwues svs mw MuUMNÖwLZ su rv Vv VY VV Vv VV
          </note>
          <note xml:id="i-FCpuz8aryvVsJeQ1j898kq">
            &gt; 14 &gt; 12 13 13 13 14 14 15 12 14 12 14 14 14 13 14 14 15 14
            14 15 17 14 15 17
          </note>
          <note xml:id="i-4BhmoVJR6yCFYd1KJtEvZd">
            och
          </note>
          <note xml:id="i-V2Mv4nowfBpM24Nu4zAovH">
            v sy vu VvYyswvwvYsvv VY vwvws VW VY vv M VV Vv Vv vv vw Vvs
            vv VU VV MMS VV sv Vv rv Vv Vv vs Vv
          </note>
          <note xml:id="i-FrbjFnv4HqVThybpengCYC">
            In fidem Per Cronvall.
          </note>
        </div>
      </body>
    </text>
  </TEI>
</teiCorpus>
