<?xml version='1.0' encoding='utf-8'?>
<teiCorpus xmlns="http://www.tei-c.org/ns/1.0">
  <teiHeader>
    <fileDesc>
      <titleStmt>
        <title>Riksdagens protocols 200405</title>
      </titleStmt>
      <editionStmt>
        <edition>0.4.2</edition>
      </editionStmt>
      <publicationStmt>
        <authority>National Library of Sweden and the WESTAC project</authority>
      </publicationStmt>
      <sourceDesc>
        <bibl>
          <title>Riksdagens protocols 200405</title>
        </bibl>
      </sourceDesc>
    </fileDesc>
    <encodingDesc>
      <editorialDecl>
        <correction>
          <p>Some data curation was done. It is documented in input/curation/instances</p>
        </correction>
      </editorialDecl>
    </encodingDesc>
  </teiHeader>
  <TEI>
    <teiHeader>
      <fileDesc>
        <titleStmt>
          <title>Protokoll</title>
        </titleStmt>
        <editionStmt>
          <edition>0.4.2</edition>
        </editionStmt>
        <publicationStmt>
          <authority>National Library of Sweden and the WESTAC project</authority>
        </publicationStmt>
        <sourceDesc>
          <bibl>
            <title>Protokoll</title>
          </bibl>
        </sourceDesc>
      </fileDesc>
      <encodingDesc>
        <editorialDecl>
          <correction>
            <p>Some data curation was done. It is documented in input/curation/instances</p>
          </correction>
        </editorialDecl>
      </encodingDesc>
    </teiHeader>
    <text>
      <front>
        <div type="preface">
          <head>prot-200405--7</head>
          <docDate when="2004-09-23">2004-09-23</docDate>
        </div>
      </front>
      <body>
        <div>
          <pb facs="http://data.riksdagen.se/fil/6986BCAE-D546-4BD8-B904-1904EF6133A2#page=1"/>
          <note xml:id="i-VQ9q9tLAwbY6rUr7Z4mqX5">
            Riksdagens protokoll
          </note>
          <note xml:id="i-K7TVE4VR6sWQGLu2Xd6SE3">
            2004/05:7
          </note>
          <note xml:id="i-7Zic6YW5Q3jATeVMmA6Co3">
            Torsdagen den 23 september
          </note>
          <note xml:id="i-Tt7cGLGwVvnrtmPJ8j4wX5">
            Kl. 14:00 - 14:52
          </note>
          <note xml:id="i-ByccqVenVce6ymWT12dPmz">
            1 § Statsministerns frågestund
          </note>
          <note type="speaker" xml:id="i-3AjbdF9wg7Q4gDRX6JWMXj">
            Anf. 1 TALMANNEN:
          </note>
          <u xml:id="i-060ce7c7bf48db59-0" who="Q879773">
            <seg xml:id="i-KBYAqKYu241GEbBgU2ShrA">
              Nu är det dags för statsministerns frågestund.
            </seg>
          </u>
          <note xml:id="i-WNcVV7nmXBA2vavg7sFS3H">
            Avskaffandet av FN:s vetorätt
          </note>
          <note type="speaker" xml:id="i-KAHHygdFSLmziTyn6Ac9je">
            Anf. 2 MAUD OLOFSSON (c):
          </note>
          <u xml:id="i-060ce7c7bf48db59-1" next="i-060ce7c7bf48db59-2" who="Q253640">
            <seg xml:id="i-6CBT7hf47ZkSGpw9zp3Ytt">
              Herr talman! Statsministern var i FN den här veckan och pratade
              om utrikes- och säkerhetspolitik. Statsministern pratade bland
              annat om avskaffande av vetorätten i FN:s säkerhetsråd, möjligheten
              att EU skulle prata med en gemensam röst i säkerhetsrådet, att
              eventuella nya länder skulle kunna ta en plats i säkerhetsrådet
              och så vidare. Jag tycker att det är intressanta tankar. Det är
              också tankar som Centerpartiet har framfört inte minst i EU-valrörelsen.
            </seg>
          </u>
          <u xml:id="i-060ce7c7bf48db59-2" prev="i-060ce7c7bf48db59-1" who="Q253640">
            <seg xml:id="i-2BwJ2FS1L4sn7boqmeNieM">
              Det jag undrar över och skulle vilja fråga statsministern om
              är: Vilka kopplingar får avskaffandet av vetorätten i FN:s säkerhetsråd
              till EU:s agerande? Där har vi också en vetorätt inom utrikes-
              och säkerhetspolitiken. Min fråga är: Hur ska EU kunna tala med
              en röst i FN med det system som man i dag har inom utrikes- och
              säkerhetspolitiken i EU?
            </seg>
          </u>
          <note type="speaker" xml:id="i-9T3Tz8Nvk3BzU9yKqkmAxz">
            Anf. 3 Statsminister GÖRAN PERSSON (s):
          </note>
          <u xml:id="i-060ce7c7bf48db59-3" next="i-060ce7c7bf48db59-4" who="Q53747">
            <seg xml:id="i-5eTHSh5UYtnmgfkgxx87FH">
              Herr talman! Det är viktiga frågor Maud Olofsson tar upp. Låt
              oss börja med vetorätten. Jag tror inte att vi kommer att få se
              den avskaffad. Jag skulle gärna se att så skedde. Vi kan få en
              uppluckring av den. Vi kan se till att de stormakter som nu använder
              sig av vetorätten begränsar sin användning av den. Det är till
              exempel orimligt att Kina veterar en insats i Makedonien. Sådant
              oskick borde vi kunna komma till rätta med.
            </seg>
          </u>
          <u xml:id="i-060ce7c7bf48db59-4" prev="i-060ce7c7bf48db59-3" who="Q53747">
            <seg xml:id="i-W5yCQgbDARRBrrBQm6RAwh">
              Jag tycker att det är ett annat oskick att fler europeiska stater
              tävlar med Frankrike och Storbritannien om att få sitta i säkerhetsrådet
              som permanenta medlemmar. Tyskland har infunnit sig som kandidat.
              Italien nämns av och till. Det finns inte plats för fyra europeiska
              permanenta medlemmar i FN:s säkerhetsråd. Det finns anledning
              för oss att diskutera om vi skulle kunna använda en gemensam europeisk
              plats. Dit är det väldigt långt. Jag skulle gissa att en sådan
              förändring kommer att veteras av de två permanenta medlemmarna
              Storbritannien och Frankrike, men diskussionen bör kunna föras,
              inte minst inom EU:s ram.
            </seg>
          </u>
          <pb facs="http://data.riksdagen.se/fil/6986BCAE-D546-4BD8-B904-1904EF6133A2#page=2"/>
          <note type="speaker" xml:id="i-2kKywcYc7VH9WnKcA5cpih">
            Anf. 4 MAUD OLOFSSON (c):
          </note>
          <u xml:id="i-060ce7c7bf48db59-5" who="Q253640">
            <seg xml:id="i-Hbcxaq9mfQH4ApXTCSUtyr">
              Herr talman! Jag tackar för svaret, men statsministern kommer
              ju inte in på det som är det verkligt intressanta, nämligen vad
              som då händer i EU. Om EU ska kunna prata med en röst är det viktigt
              att det finns en inre solidaritet mellan de europeiska länderna.
              Det är viktigt att vi kan prata med en röst. Då är ju konsensusprincipen
              på EU-nivå ett av bekymren. På samma sätt som enskilda länder
              kan blockera i FN kan ju enskilda länder också blockera på EU-nivå.
              Jag tycker att det finns anledning att diskutera om vi kan hitta
              andra sätt, till exempel konsensus minus ett eller konsensus minus
              två, för att också EU på ett tydligare sätt ska kunna klara av
              att tala med en röst. Det kommer att förutsättas om några av de
              här länderna ska säga att nu låter vi EU ta den här platsen i
              stället för att Frankrike, Tyskland och andra länder har sin plats
              i FN:s säkerhetsråd. Då är den intressanta frågan: Är statsministern
              i så fall beredd att också förändra konsensusprincipen på EU-nivå?
            </seg>
          </u>
          <note type="speaker" xml:id="i-EuUhoahJSx4X4fBEt3QTcK">
            Anf. 5 Statsminister GÖRAN PERSSON (s):
          </note>
          <u xml:id="i-060ce7c7bf48db59-6" next="i-060ce7c7bf48db59-7" who="Q53747">
            <seg xml:id="i-E7re8yXrFfcA2cWCAvdKsW">
              Herr talman! Nej, jag ser inget sådant behov i närtid. Jag ser
              däremot att konsensus växer fram inom EU utan att vi avskaffar
              konsensusprincipen. Vi kan ta det som händer när det gäller de
              frågeställningar som nu diskuteras i FN, till exempel Darfur,
              synen på biståndet och synen på Mellanösternkonflikten. Där står
              vi samlade i EU, och där EU står samlat kommer också majoriteten
              att finnas. EU:s samlade kraft demonstrerades häromdagen av den
              holländska utrikesministern som företrädde samtliga EU-länder,
              EES-länderna samt ansökarländerna, det vill säga 40 europeiska
              stater, i en debatt om fattigdom och fattigdomsbekämpning där
              jag själv deltog. Vi vet att när EU lyckas samla sig på ett sådant
              sätt hamnar också majoriteten där eftersom vi kommer att få stöd
              av andra världen runt.
            </seg>
          </u>
          <u xml:id="i-060ce7c7bf48db59-7" prev="i-060ce7c7bf48db59-6" who="Q53747">
            <seg xml:id="i-YMnsszdKH5G93e7qNXYLkK">
              Vi börjar inte i den änden. Vi börjar med en debatt där vi tycker
              att det är orimligt att Europa ska ha fyra permanenta platser
              i säkerhetsrådet. Sedan får vi se var det slutar. EU:s kraft kommer
              successivt att förstärkas utan att vi överger konsensusprincipen.
            </seg>
          </u>
          <note xml:id="i-HEmJq58qgb19vubTE6T4xU">
            Lagföringen av så kallade terrorister
          </note>
          <note type="speaker" xml:id="i-APWJbeMVx1qUBEtQnde7EE">
            Anf. 6 LARS OHLY (v):
          </note>
          <u xml:id="i-060ce7c7bf48db59-9" next="i-060ce7c7bf48db59-11" who="Q262285">
            <seg xml:id="i-7Do7JSSdzMQA4TE24MkL1f">
              Herr talman! Efter den 11 september 2001 har ett nytt rättssystem
              etablerats i världen. Det är ett rättssystem som innebär att USA
              självständigt tar sig rätten att se till att människor ställs
              inför rätta, eller snarare inte ställs inför rätta, på grund av
              misstänkt samröre med terrorism. Det här har inneburit att människor
              har skickats i väg till olika länder där de har fängslats, torterats
              och behandlats på ett icke rättssäkert sätt.
            </seg>
          </u>
          <u xml:id="i-060ce7c7bf48db59-10" prev="i-060ce7c7bf48db59-9" who="Q262285">
            <seg xml:id="i-4jydQFocckTJKztTLKBdtr">
              Vi har sett effekter av det även här i Sverige. Den uppmärksammade
              avvisningen i december 2001 av två egyptiska medborgare till Egypten
              har rest ett antal fundamentala frågor. Det är ohyggliga kränkningar
              som de har utsatts för enligt vittnesmål. Det gäller övergrepp
              i asylförfarandet, brott mot regeln att inte utvisa någon som
              riskerar tortyr eller förföljelse, förvar utan möjlighet att kontakta
              yttervärlden, tortyr, misshandel och icke rättvis rättegång.
            </seg>
          </u>
          <pb facs="http://data.riksdagen.se/fil/6986BCAE-D546-4BD8-B904-1904EF6133A2#page=3"/>
          <u xml:id="i-060ce7c7bf48db59-11" prev="i-060ce7c7bf48db59-9" who="Q262285">
            <seg xml:id="i-6Two8vg4aaPfp4TXxurAaG">
              Den mycket respekterade människorättsorganisationen Human Rights
              Watch har krävt att en internationell, oberoende undersökning
              av de här frågorna ska tillsättas under ledning av FN:s högkommissarie
              för mänskliga rättigheter Louise Arbour. Är statsministern beredd
              att verka för att en sådan undersökning kommer till stånd?
            </seg>
          </u>
          <note type="speaker" xml:id="i-FQR3NSW4iRk9NJ4t1s7uKC">
            Anf. 7 Statsminister GÖRAN PERSSON (s):
          </note>
          <u xml:id="i-060ce7c7bf48db59-12" who="Q53747">
            <seg xml:id="i-WESu4yHp1dEP8edqPdhKUQ">
              Herr talman! Det är jag inte av det enkla skälet att vi själva
              går igenom de här sakerna just nu. Jag tror till och med att de
              är föremål för rättsvårdande myndigheters intresse efter något
              slags anmälan. Vi granskar det ut och in. Om vi efter en sådan
              granskning skulle finna att vi har oklarheter som vi inte kan
              klara ut växer naturligtvis kravet starkare på den typen av internationell
              genomlysning som Lars Ohly kräver. Då får vi komma tillbaka till
              frågan, men jag är inte beredd att nu desavouera det arbete som
              pågår.
            </seg>
          </u>
          <note type="speaker" xml:id="i-9i843X3aMx1e1HGf95Po14">
            Anf. 8 LARS OHLY (v):
          </note>
          <u xml:id="i-060ce7c7bf48db59-13" who="Q262285">
            <seg xml:id="i-WREDFBDoFspVin3FK1kPsW">
              Herr talman! De undersökningar som görs av JO och konstitutionsutskottet
              här i riksdagen behandlar inte tre regeringars agerande, men detta
              fall handlar om tre regeringars agerande. Det är den egyptiska
              regeringens, den amerikanska regeringens och den svenska regeringens
              agerande. Därför skulle det behövas en internationell, oberoende
              undersökning som på djupet går igenom vad som egentligen har skett
              och vem som har fattat besluten och om det finns någon som helst
              grund för uppgifterna om en särskild styrka, initierad av Donald
              Rumsfeld i USA, med uppgifter att lagföra så kallade terrorister
              på olika sätt utan någon som helst rättssäker ställning. Jag menar
              att den här internationellt oberoende undersökningen är mycket
              viktig för att vi ska kunna lägga alla kort på bordet och lämna
              detta bakom oss.
            </seg>
          </u>
          <note type="speaker" xml:id="i-PG9McvFqfZAPX3XLw39xGm">
            Anf. 9 Statsminister GÖRAN PERSSON (s):
          </note>
          <u xml:id="i-060ce7c7bf48db59-14" who="Q53747">
            <seg xml:id="i-FcrPgs6ME8B7XDvrJ53bfa">
              Herr talman! Innan vi i Sverige initierar en granskning av andra
              regeringars agerande ska vi först klara ut vårt eget. Det har
              riktats mycket skarpa anklagelser mot oss. Jag förutsätter att
              de inte visar sig vara riktiga. Men tills de är utredda är det
              en öppen fråga. Låt oss ta den här diskussionen om det här kravet
              kan resas när detta väl är utrett och vi själva har klarat ut
              vår sak. En sak är säker: Den svenska regeringen står stenhård
              fast vid principen att kampen mot terrorismen måste bedrivas inom
              folkrättens ramar och inom de ramar som tillhör det demokratiska
              rättssamhället.
            </seg>
          </u>
          <note xml:id="i-CyWzJcS1egUf4qQHShxetA">
            Sjukfrånvaron
          </note>
          <note type="speaker" xml:id="i-Q3pD46FNxAmuGvTjHuVsXq">
            Anf. 10 LARS LEIJONBORG (fp):
          </note>
          <u xml:id="i-060ce7c7bf48db59-16" next="i-060ce7c7bf48db59-18" who="Q946818">
            <seg xml:id="i-2Z2z5DRkWZHfeGNnQohzmt">
              Herr talman! Jag vill återvända till Sverige och fråga om våra
              socialförsäkringar. Det sägs ju ibland att Socialdemokraterna
              och Folkpartiet är de partier som mest sluter upp bakom den generella
              välfärdspolitiken och försvarar existensen av bra socialförsäkringar
              som man kan lita på. Mot den bakgrunden är jag mycket bekymrad
              över det sätt som regeringen sköter eller, rättare sagt, missköter
              sjukförsäkringen och förtidspensioneringarna.
            </seg>
          </u>
          <pb facs="http://data.riksdagen.se/fil/6986BCAE-D546-4BD8-B904-1904EF6133A2#page=4"/>
          <u xml:id="i-060ce7c7bf48db59-17" prev="i-060ce7c7bf48db59-16" who="Q946818">
            <seg xml:id="i-8Nz7sSE3qaZ7Hhd6hAyRKo">
              Varför är ni så oerhört handlingsförlamade och sega när det gäller
              de frågorna? Människor tror att man får vara hemma och vara sjukskriven
              för att man är trött på chefen, och det är jätteköer till rehabilitering.
            </seg>
          </u>
          <u xml:id="i-060ce7c7bf48db59-18" prev="i-060ce7c7bf48db59-16" who="Q946818">
            <seg xml:id="i-Q44XoBj49Bv6ktfBrVNUo4">
              Det tillsattes en utredning i dag, men den ska få börja arbeta
              först om två år. På punkt efter punkt är bilden densamma när det
              gäller att ta tag i sjukfrånvaron är regeringen tafflig, seg och
              handlingsförlamad. Jag skulle vilja be statsministern reflektera
              över vad det finns för strukturell orsak till att det är på det
              sättet.
            </seg>
          </u>
          <note type="speaker" xml:id="i-V2vsQSRqAC1A4VdFrtiaPr">
            Anf. 11 Statsminister GÖRAN PERSSON (s):
          </note>
          <u xml:id="i-060ce7c7bf48db59-19" next="i-060ce7c7bf48db59-22" who="Q53747">
            <seg xml:id="i-P5azv89cR6He7jpV4PyMqe">
              Herr talman! Det är alltid lika upplyftande att höra Lars Leijonborgs
              konstruktiva ton. Det är ett klassiskt folkpartistiskt drag som
              odlas med viss framgång här i kammaren.
            </seg>
          </u>
          <u xml:id="i-060ce7c7bf48db59-20" prev="i-060ce7c7bf48db59-19" who="Q53747">
            <seg xml:id="i-VNBrppqh4ubUjgamsKxjvK">
              Låt oss ta de två frågeställningarna först. Gör vi för det första
              någonting åt sjukfrånvarotalen? Ja, naturligtvis gör vi det. Som
              Lars Leijonborg har sett har vi också en fallande sjukfrånvaro.
              Det gäller både för korttidsfrånvaron och för långtidsfrånvaron.
              Vi kan också snart räkna in fallande kostnader. Det kan vi göra
              därför att vi har en bred verksamhet som pågår på arbetsplatserna.
              De insatserna görs för bättre arbetsmiljöer, och det handlar om
              kamratstödjande insatser och om att se dem som faktiskt inte finns
              på arbetsplatserna, om man uttrycka sig på ett sådant sätt.
            </seg>
          </u>
          <u xml:id="i-060ce7c7bf48db59-21" prev="i-060ce7c7bf48db59-19" who="Q53747">
            <seg xml:id="i-Ed199LMuJ1yckdvwtbw1cW">
              Det gäller för det andra opinionsbildning. Det är sant, som Lars
              Leijonborg säger, att det finns en uppfattning bland många människor
              att man kan använda de aktuella sociala försäkringarna för annat
              än vad de är avsedda för. Vi som är anhängare av socialförsäkringar
              är djupt oroade av detta. Uppgiften för den utredning som tillsätts
              i dag är därför inte främst bara att skapa en bild av läget utan
              också att delta i opinionsbildningen. På så sätt kan den sprida
              kunskap om vad försäkringen faktiskt syftar till. Vi arbetar alltså
              både för att pressa tillbaka sjukfrånvaron och för att skapa en
              bättre bild av det som försäkringen ska täcka.
            </seg>
          </u>
          <u xml:id="i-060ce7c7bf48db59-22" prev="i-060ce7c7bf48db59-19" who="Q53747">
            <seg xml:id="i-JYWXfeGFRYM66cbeMEZdAo">
              Detta är innehållet i uppdraget. Man kan sedan kalla det flummigt
              eller segt eller använda något annat folkpartistiskt favorituttryck
              för det, men icke desto mindre är det verkligheten.
            </seg>
          </u>
          <note type="speaker" xml:id="i-FzXgnw9SkZfrqj7Ttzdc7w">
            Anf. 12 LARS LEIJONBORG (fp):
          </note>
          <u xml:id="i-060ce7c7bf48db59-23" next="i-060ce7c7bf48db59-24" who="Q946818">
            <seg xml:id="i-4652LWuLHqKPbU965CQY7r">
              Herr talman! Som vanligt har statsministern en bristande verklighetsförankring.
              Regeringen lade häromdagen fram en budget. Statsministern har
              kanske inte läst den, men där finns inga uppgifter om fallande
              kostnader för sjukfrånvaron. Ni förtidspensionerar i en hel del
              långa sjukfall, men kostnaderna fortsätter på ett allvarligt sätt
              att öka.
            </seg>
          </u>
          <u xml:id="i-060ce7c7bf48db59-24" prev="i-060ce7c7bf48db59-23" who="Q946818">
            <seg xml:id="i-Jo5BmfTUhUVkCpwoq82xwv">
              Vad gäller konstruktivitet skrev jag till Göran Persson och de
              andra partiledarna i juni 1997 och föreslog en stor socialförsäkringsreform,
              som partierna bakom pensionsreformen skulle förhandla sig fram
              till. I dag har ni tillsatt en utredning som ska få börja arbeta
              på allvar om två år. Tänk om vi hade gjort någonting 1997! Jag
              har varit konstruktiv. Regeringen har varit seg och handlingsförlamad.
            </seg>
          </u>
          <pb facs="http://data.riksdagen.se/fil/6986BCAE-D546-4BD8-B904-1904EF6133A2#page=5"/>
          <note type="speaker" xml:id="i-RrubiBPSGpkn35L96wPX6S">
            Anf. 13 Statsminister GÖRAN PERSSON (s):
          </note>
          <u xml:id="i-060ce7c7bf48db59-25" who="Q53747">
            <seg xml:id="i-AMu4uKgFcf8WjKFbPZnp3k">
              Herr talman! Det lyser allt annat än seghet och handlingsförlamning
              omkring Lars Leijonborg.
            </seg>
          </u>
          <note type="speaker" xml:id="i-VsbPMmNmtWCRZ5qahT4jGw">
            (LARS LEIJONBORG (fp):
          </note>
          <u xml:id="i-TFSGZKRVmf7pA7afUZPmRv" next="i-060ce7c7bf48db59-28" who="Q946818">
            <seg xml:id="i-38JSNyueb9gsZ6XvAcGbR2">
              Tack för de orden!)
            </seg>
          </u>
          <u xml:id="i-060ce7c7bf48db59-26" who="Q946818" prev="i-TFSGZKRVmf7pA7afUZPmRv">
            <seg xml:id="i-N6qTjmDoNjzUjLtD6e2Ei3">
              Ja, jag förstår att Lars Leijonborg behöver tacka för dem. Men
              det är ju på det viset att sjukfrånvaron faller, och det är viktigt
              att se. Sedan har vi en ökning av sjukpensioneringen, men det
              är inget bekymmer. Ingen ska dock tro att de människor som hamnar
              i den situationen lever något gott liv. Också de vill komma ur
              sin belägenhet.
            </seg>
          </u>
          <u xml:id="i-060ce7c7bf48db59-27" prev="i-TFSGZKRVmf7pA7afUZPmRv" who="Q946818">
            <seg xml:id="i-AhuKGzdUYC4NQUC2hZfv65">
              Det är klart att det är lättare att hantera den saken i en god
              konjunktur med ett växande antal arbetstillfällen än i det läge
              som vi har haft bakom oss med en fallande konjunktur.
            </seg>
          </u>
          <u xml:id="i-060ce7c7bf48db59-28" prev="i-TFSGZKRVmf7pA7afUZPmRv" who="Q946818">
            <seg xml:id="i-5GaRXAEvKJsycJU6Dsa3ea">
              Vi tänker fortsätta att målmedvetet arbeta med detta. Jag är
              ganska övertygad om att vi kommer att kunna visa på sådana resultat
              att det här blir ytterligare en av de frågor som Lars Leijonborg
              kommer att undvika i nästa valrörelse.
            </seg>
          </u>
          <note type="speaker" xml:id="i-CeYywz54h1XYa1yrBpWJaE">
            (LARS LEIJONBORG (fp):
          </note>
          <u who="Q946818" xml:id="i-e77ed11151ef3fae-1">
            <seg xml:id="i-4MyyirtJFU99QvRLwfpnfj">
              Låt oss hoppas det!)
            </seg>
          </u>
          <note xml:id="i-AcZr1WbCgH7oGdoopa2Es">
            Statsbudgeten
          </note>
          <note type="speaker" xml:id="i-9Dn9LXu2uwiiAhNE2ZMvXR">
            Anf. 14 GÖRAN HÄGGLUND (kd):
          </note>
          <u xml:id="i-060ce7c7bf48db59-30" next="i-060ce7c7bf48db59-33" who="Q918261">
            <seg xml:id="i-EzgrSRAdXPJuhjJHqcHXfq">
              Herr talman! Jag ville öppna människors ögon för hur den stigande
              skulden påverkade hela vårt samhälle, hur våra politiska och ekonomiska
              handlingsmöjligheter krympte, hur välfärden, jobben och vårt självbestämmande
              hotades, hur vi för varje ny lånad miljard blev alltmer beroende
              av långivarna. Man handlar inte förrän man har pengarna i näven,
              brukar min mamma Karin säga.
            </seg>
          </u>
          <u xml:id="i-060ce7c7bf48db59-31" prev="i-060ce7c7bf48db59-30" who="Q918261">
            <seg xml:id="i-Ai81eMYjr2P7KetfikPxWq">
              Formuleringen kommer från boken Den som är satt i skuld är icke
              fri . Författaren sitter nära mig just nu.
            </seg>
          </u>
          <u xml:id="i-060ce7c7bf48db59-32" prev="i-060ce7c7bf48db59-30" who="Q918261">
            <seg xml:id="i-MNk7CzPwbHd7CCbNHGCTih">
              Regeringens löfteskaskad inför nästa val innebär att man spenderar
              utöver vad vi har. Man lånar 191 miljarder kronor fram till 2007.
              Enbart under valåret 2006 ökar skulden med 138 miljoner kronor
              per dygn.
            </seg>
          </u>
          <u xml:id="i-060ce7c7bf48db59-33" prev="i-060ce7c7bf48db59-30" who="Q918261">
            <seg xml:id="i-XW1dMQEmvWjh9iPCABh82h">
              Finns det något annat skäl än det kommande valet som kan förklara
              att den dåvarande Göran Perssons kloka dygder ersatts av statsministerns
              lättsinne?
            </seg>
          </u>
          <note type="speaker" xml:id="i-GYQPCJFArqQYe193cfYC37">
            Anf. 15 Statsminister GÖRAN PERSSON (s):
          </note>
          <u xml:id="i-060ce7c7bf48db59-34" next="i-060ce7c7bf48db59-36" who="Q53747">
            <seg xml:id="i-QictZLe6EoKUAPJQ5Lfq5E">
              Herr talman! Om nu Göran Hägglund inte bara läser dagens text
              utan hela skriften, kommer han att få svaret på den frågan. Vad
              Hägglund lider av är en felsyn på våra offentliga finanser. Han
              tittar bara på statens finanser och glömmer bort att vi har pensionssystemet
              och dessutom kommunernas finanser. Allt detta summerar till den
              offentliga sektorn. Det underskott som vi ärvde av Göran Hägglund
              och hans partikamrater 1994 var rekordstort: 12 % i alla dessa
              tre sektorer tillsammans.
            </seg>
          </u>
          <u xml:id="i-060ce7c7bf48db59-35" prev="i-060ce7c7bf48db59-34" who="Q53747">
            <seg xml:id="i-KUCnBSwvqLj1cUc8zNAjEG">
              Den budget som vi nu lagt fram medger skattesänkningar och utgiftsökningar
              men ändå ett överskott i våra samlade finanser. Vi är unikt starka.
              Den som tror att man ska köra statens finanser med överskott när
              vi har 5 % arbetslöshet har enligt min uppfattning inte förstått
              hur offentliga finanser fungerar.
            </seg>
          </u>
          <pb facs="http://data.riksdagen.se/fil/6986BCAE-D546-4BD8-B904-1904EF6133A2#page=6"/>
          <u xml:id="i-060ce7c7bf48db59-36" prev="i-060ce7c7bf48db59-34" who="Q53747">
            <seg xml:id="i-KdFzQJ2ke5pMfP4mHxTDto">
              Min enkla fråga till Göran Hägglund är: Kommer kd i det här läget
              att lägga fram en statsbudget som har överskott i statens finanser,
              eller ska också ni låna?
            </seg>
          </u>
          <note type="speaker" xml:id="i-5DrtkoQD4Fu2CNzh4JNf4V">
            Anf. 16 GÖRAN HÄGGLUND (kd):
          </note>
          <u xml:id="i-060ce7c7bf48db59-37" next="i-060ce7c7bf48db59-39" who="Q918261">
            <seg xml:id="i-LWQ9dwGqVEWPd27hgKbAzZ">
              Herr talman! Det beskedet får statsministern nöja sig med att
              vänta på till den 5 oktober, då det kommer att presenteras.
            </seg>
          </u>
          <u xml:id="i-060ce7c7bf48db59-38" prev="i-060ce7c7bf48db59-37" who="Q918261">
            <seg xml:id="i-9TEC99b4SFrRyWQXmH2Vbp">
              Den som är satt i skuld är icke fri, sade Göran Persson då. Nu
              är det annat ljud i skällan. Mamma Karin sade: Man handlar inte
              förrän man har pengar i näven men nu lånar alltså regeringen 191
              miljarder kronor fram till 2007. Förklaringen till detta skulle
              vara att vi som enskilda, alla som tittar på TV just nu och andra,
              har avsatt pengar till våra egna pensioner så småningom. Men i
              det fögderi som Göran Persson ytterst ansvarar för när det gäller
              landets budget lånar vi alltså under valåret 138 miljoner kronor
              per dygn.
            </seg>
          </u>
          <u xml:id="i-060ce7c7bf48db59-39" prev="i-060ce7c7bf48db59-37" who="Q918261">
            <seg xml:id="i-9JikQwFUQtj1xpXnFwvLxh">
              Den som är satt i skuld är inte fri, hette det då. Nu är det
              tydligen en dygd att låna. Möjligen har detta ett samband med
              det val som infaller just detta år.
            </seg>
          </u>
          <note type="speaker" xml:id="i-LcoV1AhgEcguTTVx1zit4i">
            Anf. 17 Statsminister GÖRAN PERSSON (s):
          </note>
          <u xml:id="i-060ce7c7bf48db59-40" next="i-060ce7c7bf48db59-41" who="Q53747">
            <seg xml:id="i-GDmxcBBrXSsUuBNtK4yRHj">
              Herr talman! Återigen tittar jag på siffrorna och sätter in dem
              i deras sammanhang. Det går inte att ha överskott i statens finanser
              med 5 % arbetslöshet. Om Kristdemokraterna om några veckor vi
              får se när den kommer presenterar en budget som innehåller överskott
              i statens finanser med 5 % arbetslöshet, innebär det en fruktansvärd
              åtstramning av ekonomin. Var ska de här 40, 50 eller 60 miljarderna
              tas, Göran Hägglund? Ska vi ta bort barnbidragen, ska vi reducera
              pensionerna kraftigt eller vad ska vi göra? Och vem tror att det
              skapar en bättre ekonomisk situation i ett läge där vi inte har
              inflation och där exporten går som tåget och där faktiskt kommunerna
              behöver ha sina pengar?
            </seg>
          </u>
          <u xml:id="i-060ce7c7bf48db59-41" prev="i-060ce7c7bf48db59-40" who="Q53747">
            <seg xml:id="i-GoWGTSLgiLi8ZQuFsrex4L">
              Man har en bristande uppfattning om hur offentliga finanser fungerar
              om man hamnar i en diskussion om att det är ett problem att vi
              har underskott i staten samtidigt som det är överskott i hela
              den offentliga sektorn. Jag skulle rekommendera Göran Hägglund
              att fortsätta att läsa den skrift som han har framför sig, gärna
              i kväll, så kommer begreppen att klaras ut.
            </seg>
          </u>
          <note xml:id="i-Hqi3EYdTYQKd2hji7ybgHE">
            Folkomröstning om EU:s grundlag
          </note>
          <note type="speaker" xml:id="i-ExtyCx4ssVrnbr5kwzGW7R">
            Anf. 18 MIKAEL JOHANSSON (mp):
          </note>
          <u xml:id="i-060ce7c7bf48db59-42" who="Q303488">
            <seg xml:id="i-VJzeDuSNADrUBkjr4pJBmh">
              Herr talman! Jag undrar om det finns en oro hos statsministern
              över Sveriges mer isolerade hållning angående huruvida vi ska
              ha en folkomröstning om EU:s grundlag eller inte. Om det blir
              så att en majoritet av EU:s länder kommer att folkomrösta till
              exempel i maj nästa år, är det rimligt att även svenskarna skulle
              kunna få säga sitt i en folkomröstning nästa år i maj. Eller vilka
              utsikter ser Göran Persson för att vi ska hinna med detta? Jag
              ser gärna ett besked i dag.
            </seg>
          </u>
          <pb facs="http://data.riksdagen.se/fil/6986BCAE-D546-4BD8-B904-1904EF6133A2#page=7"/>
          <note type="speaker" xml:id="i-9fq9s9QnHw3coCgCmMX9Fy">
            Anf. 19 Statsminister GÖRAN PERSSON (s):
          </note>
          <u xml:id="i-060ce7c7bf48db59-43" next="i-060ce7c7bf48db59-44" who="Q53747">
            <seg xml:id="i-Xo91N59qhLSyaBZgBuKyQX">
              Herr talman! Den miljöpartistiska tanken att andra i Europa skulle
              bestämma hur vi ska ta beslut om ratifikationen av EU:s grundlag
              tycker jag är rätt märklig, särskilt som den kommer från ett parti
              som faktiskt säger att det motarbetar den europeiska överstatligheten.
            </seg>
          </u>
          <u xml:id="i-060ce7c7bf48db59-44" prev="i-060ce7c7bf48db59-43" who="Q53747">
            <seg xml:id="i-FjztqbQzD6esDnKZdvv1zM">
              Det här är vårt beslut. Det tar vi själva, och det tar vi här
              i Sveriges riksdag. Sveriges riksdag är det yttersta uttrycket
              för folkviljan i vårt land. Det är viktigt att vi inte missbrukar
              folkomröstningsinstitutet på ett sådant sätt att vi hamnar i ett
              läge då riksdagens kraft späds ut, och framför allt är det viktigt
              att aldrig motivera svenska folkomröstningar med att man eventuellt
              folkomröstar i Tyskland eller någon annanstans. Så pass mycket
              är vi ändå förankrade i nationell demokratisk struktur att vi
              tar besluten själva.
            </seg>
          </u>
          <note type="speaker" xml:id="i-3bnBBwqrGZdc9v3XheEXTG">
            Anf. 20 MIKAEL JOHANSSON (mp):
          </note>
          <u xml:id="i-060ce7c7bf48db59-45" next="i-060ce7c7bf48db59-46" who="Q303488">
            <seg xml:id="i-KzzjpX5LmDpp274yE52s9D">
              Herr talman! Jag ställde frågan till statsministern och försökte
              snarare få honom att stå för den hållningen, det vill säga lyssna
              på vad bland annat övriga europeiska socialdemokrater gör.
            </seg>
          </u>
          <u xml:id="i-060ce7c7bf48db59-46" prev="i-060ce7c7bf48db59-45" who="Q303488">
            <seg xml:id="i-EULcnK6jgByHkQL3XZQR2h">
              Eftersom vi nu fick höra att det kommer att vara ett beslut i
              Sveriges riksdag och att det är vi själva som kommer att besluta
              om detta: Är det då inte rimligt att vi har detta beslut i riksdagen
              först nästa mandatperiod? Detta för att vi ska kunna ha en ordentlig
              debatt i en valrörelse, så att väljarna i demokratisk anda kan
              möta oss i debatt kring vad vi anser om EU:s nya förslag till
              ny grundlag. Då bör vi också få en proposition från den rödgröna
              regeringen 2006 om ett beslut i riksdagen om vi inte har fått
              en folkomröstning innan dess.
            </seg>
          </u>
          <note type="speaker" xml:id="i-97Z1psbZ3uCFvPyJdQMvPT">
            Anf. 21 Statsminister GÖRAN PERSSON (s):
          </note>
          <u xml:id="i-060ce7c7bf48db59-47" who="Q53747">
            <seg xml:id="i-Wr5w7VxS9bG4AZQPg4r9tR">
              Herr talman! Jag ska ändå säga att jag hyser viss sympati för
              idén att man skulle kunna ta det efter ett allmänt val, om det
              hade varit så att den förändring som nu sker av den europeiska
              konstitutionen hade ändrat vår relation till EU. Enligt min bestämda
              uppfattning är det inte på det viset. Vi har tagit ställning för
              medlemskapet i unionen. Vi har tagit ställning för ett samarbete
              baserat på mellanstatlighet. Den konstitution som nu läggs fram
              befäster detta. Att i ett sådant läge gå till folkomröstning eller
              göra en valfråga av det är att helt enkelt säga: Vi ska pröva
              EU-medlemskapet på nytt. Säg det då! Säg det högt och tydligt,
              så får vi en debatt om vad det egentligen gäller. Det är inte
              en fråga om en formsak det är fråga om innehåll.
            </seg>
          </u>
          <note xml:id="i-Sv5v2v4z8MoBAfCGUhGdk6">
            LO:s kritik av regeringens skattepolitik
          </note>
          <note type="speaker" xml:id="i-4m8YqLE1ZTCBHSosNYHSfL">
            Anf. 22 MIKAEL ODENBERG (m):
          </note>
          <u xml:id="i-060ce7c7bf48db59-49" next="i-060ce7c7bf48db59-52" who="Q719015">
            <seg xml:id="i-9nZAUZ9qgzCkWCAtG9KgKz">
              Herr talman! För några dagar sedan fick Göran Persson i New York
              en utmärkelse med anledning av det initiativ han tog här på hemmaplan
              om att sprida kunskap om Förintelsen i de svenska skolorna. Det
              var ett viktigt initiativ, och jag skulle vilja gratulera statsministern
              till utmärkelsen.
            </seg>
          </u>
          <u xml:id="i-060ce7c7bf48db59-50" prev="i-060ce7c7bf48db59-49" who="Q719015">
            <seg xml:id="i-LL7usmq29CXrKDJq8egudm">
              I somras var det en hel del skriverier när finansminister Ringholm
              tog statsplanet hem efter en fotbollsmatch i Spanien. Anledningen
              till att han gjorde det var att han hade så himla bråttom till
              LO-kongressen, där han inte skulle tala.
            </seg>
          </u>
          <pb facs="http://data.riksdagen.se/fil/6986BCAE-D546-4BD8-B904-1904EF6133A2#page=8"/>
          <u xml:id="i-060ce7c7bf48db59-51" prev="i-060ce7c7bf48db59-49" who="Q719015">
            <seg xml:id="i-GDvnXgENzNKbVyy4tunusT">
              Nu har det visat sig att han heller inte lyssnade. Det framgick
              häromdagen, när LO:s chefsekonom Dan Andersson skrev en artikel
              i Dagens Nyheter och kraftfullt kritiserade regeringen för att
              sakna ett offensivt skattetänkande. På två punkter sammanföll
              LO:s kritik med Moderaternas kritik. Den ena punkten gällde den
              gröna skatteväxlingen och den andra gällde att regeringen nu har
              lagt fram ett förslag om inkomstskattesänkningar i form av ett
              utökat grundavdrag som inte har några som helst positiva effekter
              på arbetsutbudet.
            </seg>
          </u>
          <u xml:id="i-060ce7c7bf48db59-52" prev="i-060ce7c7bf48db59-49" who="Q719015">
            <seg xml:id="i-RNhY89XNyKxwnezwrnadw7">
              Min fråga gäller hur statsministern ser på den här i mitt tycke
              mycket berättigade kritiken från LO.
            </seg>
          </u>
          <note type="speaker" xml:id="i-2jT7dkJhPfdv1AUxLwiTHy">
            Anf. 23 Statsminister GÖRAN PERSSON (s):
          </note>
          <u xml:id="i-060ce7c7bf48db59-53" next="i-060ce7c7bf48db59-56" who="Q53747">
            <seg xml:id="i-3iyyC4TpqPft2K9evEe7oU">
              Herr talman! Först ber jag att få tacka för gratulationen. Den
              värmde!
            </seg>
          </u>
          <u xml:id="i-060ce7c7bf48db59-54" prev="i-060ce7c7bf48db59-53" who="Q53747">
            <seg xml:id="i-N2UjynuUdHMJSJXmy7gWpV">
              Sedan vill jag upplysa om att jag också använde regeringsplanet
              när jag for till New York. Det används flitigt.
            </seg>
          </u>
          <u xml:id="i-060ce7c7bf48db59-55" prev="i-060ce7c7bf48db59-53" who="Q53747">
            <seg xml:id="i-R3BVwwhiUSxNtoKdKQ6UK4">
              Därmed går jag över till skattepolitiken. Jag har väldigt svårt
              att förstå Dan Anderssons kritik. Jag tycker inte att den är relevant.
              Jag lutar mig i stället lite fastare mot Wanja Lundby-Wedin, som
              trots allt är ordförande i LO och som väl på ett mer korrekt sätt
              uttrycker vad organisationen står för, nämligen en uppskattning
              av det skatteförslag som Bosse Ringholm hade i sin budget om att
              ta ytterligare ett steg för att kompensera för de så kallade egenavgifterna
              med en bra fördelningspolitisk profil med mest skattesänkningar
              åt dem som har lägst inkomster och dessutom skattesänkningar som
              finns inom ramen för en budget som ger överskott i de offentliga
              finanserna.
            </seg>
          </u>
          <u xml:id="i-060ce7c7bf48db59-56" prev="i-060ce7c7bf48db59-53" who="Q53747">
            <seg xml:id="i-9dd6haFqtBZmbCuHPRuqHP">
              Den gröna skatteväxlingen är jag beredd att försvara, och inte
              bara försvara: Jag är beredd att strida för den, därför att någon
              gång måste också vi inse att vi lever med ett problem med koldioxid
              som vi måste hantera. Den växthuseffekt som skapar sådana enorma
              bekymmer världen över kan vi inte bara negligera. Kan vi åstadkomma
              en bättre tingens ordning genom en skattepolitik på detta område,
              så låt oss då göra det. Det tycker jag är konstruktivt.
            </seg>
          </u>
          <note type="speaker" xml:id="i-9tq7dYi33dMCGxrTAq191B">
            Anf. 24 MIKAEL ODENBERG (m):
          </note>
          <u xml:id="i-060ce7c7bf48db59-57" next="i-060ce7c7bf48db59-58" who="Q719015">
            <seg xml:id="i-99KY6yKB9UZJhjrYhmXBs7">
              Herr talman! Problemet med den gröna skatteväxlingen är ju att
              den döms ut av alla experter därför att den inte har de miljöpolitiska
              effekter som man vill göra gällande.
            </seg>
          </u>
          <u xml:id="i-060ce7c7bf48db59-58" prev="i-060ce7c7bf48db59-57" who="Q719015">
            <seg xml:id="i-EzM2gzX5n3Sesx3EGwUxzk">
              Det är möjligt att Dan Andersson pratar i nattmössan, men han
              är trots allt LO:s chefsekonom, så det är ju inte alldeles ointressant
              när han riktar fundamental kritik mot regeringens skattepolitik.
              Givet att det är av överordnat intresse att öka arbetsutbudet
              så är det väl inte så konstigt att man blir lite förundrad över
              att regeringen nu väljer en teknik för att lägga ut inkomstskattesänkningar
              som inte leder till angelägna marginalskattesänkningar för breda
              inkomsttagargrupper och som inte har någon som helst positiv påverkan
              på arbetsutbudet. Jag får säga att jag tycker att den kärva recension
              som Dan Andersson gjorde tyvärr var väldigt berättigad.
            </seg>
          </u>
          <pb facs="http://data.riksdagen.se/fil/6986BCAE-D546-4BD8-B904-1904EF6133A2#page=9"/>
          <note type="speaker" xml:id="i-XRrvHiNmTJ36Bw4CFixmNq">
            Anf. 25 Statsminister GÖRAN PERSSON (s):
          </note>
          <u xml:id="i-060ce7c7bf48db59-59" next="i-060ce7c7bf48db59-61" who="Q53747">
            <seg xml:id="i-7Qqv1drXFhNU4yAKBwKGn7">
              Herr talman! Jag börjar känna mig i gammal god form, därför att
              det här låter ju nästan som Bo Lundgren. Moderaterna är tillbaka
              i skattepolitiken igen. Välkomna in i spelet, som man säger i
              Jeopardy!
            </seg>
          </u>
          <u xml:id="i-060ce7c7bf48db59-60" prev="i-060ce7c7bf48db59-59" who="Q53747">
            <seg xml:id="i-UevNhKYJykttLS3CPty37i">
              Det är väl samma argument som förut. Ni har väldigt svårt att
              acceptera att vi lägger skattesänkningarna på ett sådant sätt
              att de träffar människor som tjänar lite pengar. Er stora kritik
              mot budgeten har ju varit att vi inte gör mer beträffande förmögenhetsskatten
              exempelvis. Så den kritiken tar jag ganska lätt på.
            </seg>
          </u>
          <u xml:id="i-060ce7c7bf48db59-61" prev="i-060ce7c7bf48db59-59" who="Q53747">
            <seg xml:id="i-4G6fDWankXA6tTN9aGop5W">
              För mig är det viktigt att säga: Rättvisa hänger samman med att
              man har ett bra jobb, att det finns en skola som fungerar för
              barnen, att de gamla får en bra vård och att de inkomster jag
              har också beskattas på ett sådant sätt att de som tjänar minst
              får mest över. Då kan det ibland uppstå en och annan oformlighet
              i skattesystemet, någon trappa någonstans. Låt oss försöka rätta
              till det, men låt oss aldrig tröttas i ansträngningen att ge mest
              till dem som tjänar minst. Där ligger vi, och den striden tänker
              vi ta, också med nya moderater.
            </seg>
          </u>
          <note xml:id="i-Dt9o1qni1oVhwE99sA1Gp3">
            Klimatfrågan
          </note>
          <note type="speaker" xml:id="i-BaNZgwTEEwJE4C2hE3qXxt">
            Anf. 26 CHRISTIN HAGBERG (s):
          </note>
          <u xml:id="i-060ce7c7bf48db59-63" next="i-060ce7c7bf48db59-66" who="Q4951904">
            <seg xml:id="i-4WH2ikvi4BZGv9EHXsME2w">
              Herr talman! Jag vill ställa en fråga till statsministern angående
              klimatet.
            </seg>
          </u>
          <u xml:id="i-060ce7c7bf48db59-64" prev="i-060ce7c7bf48db59-63" who="Q4951904">
            <seg xml:id="i-GnWytgsEgbFNzs1kZR6SAT">
              Vi har under några år nu sett hur klimatförändringarna ger ett
              ökat antal översvämningar, både i Sverige, Europa och den övriga
              världen. Vi ser också nu hur orkaner, tornador och annat far fram
              över kontinenterna och hur öknarna breder ut sig, och det här
              är förmodligen bara början, enligt experterna.
            </seg>
          </u>
          <u xml:id="i-060ce7c7bf48db59-65" prev="i-060ce7c7bf48db59-63" who="Q4951904">
            <seg xml:id="i-T53scF3DFsj1mvxj15ncdu">
              Fram till år 2050 kommer temperaturhöjningar att ske, även om
              vi alla gör våra åtaganden som vi var överens om i Kyoto 1997.
              Nu har klimatarbetet i världen gått i stå. Det är bara vi i EU-15
              som har kommit i gång lite grann, även om alla förhoppningsvis
              har gjort något.
            </seg>
          </u>
          <u xml:id="i-060ce7c7bf48db59-66" prev="i-060ce7c7bf48db59-63" who="Q4951904">
            <seg xml:id="i-4v1JWcbcKsrzEs3ZtXTvnE">
              Vad avser statsministern att göra för att få i gång arbetet igen,
              och framför allt få med USA, Ryssland och så småningom till exempel
              Kina och Indien i detta så viktiga arbete?
            </seg>
          </u>
          <note type="speaker" xml:id="i-ANhGzSRdEiZAZDqjbDo8Np">
            Anf. 27 Statsminister GÖRAN PERSSON (s):
          </note>
          <u xml:id="i-060ce7c7bf48db59-67" next="i-060ce7c7bf48db59-71" who="Q53747">
            <seg xml:id="i-AGacmSU33QKL4nL2NLYa5s">
              Herr talman! Det sista är viktigt: att Kina och Indien kommer
              med. Där finns en enorm ekonomisk utveckling framför oss som kan
              komma att bygga på en energianvändning som är långtifrån vänlig
              mot miljön. Brunkol inte minst kommer att användas för det stora
              språng dessa länder kommer att ta vad gäller ekonomisk utveckling.
              Det är inte en nationell fråga för Kina det är en global frågeställning,
              därför att vi delar lika de globala förutsättningarna.
            </seg>
          </u>
          <u xml:id="i-060ce7c7bf48db59-68" prev="i-060ce7c7bf48db59-67" who="Q53747">
            <seg xml:id="i-TbFg3cZyun81cSQyTZZ2Qk">
              Det är inom FN:s och inom EU:s ram som vi anstränger oss, naturligtvis.
              Vi gör allt. Vi har tryckt på Ryssland i många sammanhang. Vi
              trodde också att ryssarna skulle skriva på, därför att den dåvarande
              ryske premiärministern, Kasianov, har lovat detta offentligt vid
              Johannesburgtoppmötet i september 2002.
            </seg>
          </u>
          <pb facs="http://data.riksdagen.se/fil/6986BCAE-D546-4BD8-B904-1904EF6133A2#page=10"/>
          <u xml:id="i-060ce7c7bf48db59-69" prev="i-060ce7c7bf48db59-67" who="Q53747">
            <seg xml:id="i-C2NmSEEacGjKjYevbRjueh">
              För mig är det här en fråga om solidaritet med kommande generationer.
              Vi är på väg att fördärva jordens klimat. Vi är på väg att lämna
              ifrån oss ett klot till våra barn som är i sämre skick än det
              vi ärvde av våra föräldrar.
            </seg>
          </u>
          <u xml:id="i-060ce7c7bf48db59-70" prev="i-060ce7c7bf48db59-67" who="Q53747">
            <seg xml:id="i-4dBUGmU4nHWNtZkgCVy7g3">
              Det är en gigantisk solidaritetsfråga, och vi vet att detta hänger
              samman med koldioxidutsläppen. Vi vet också att koldioxidutsläppen
              i sin tur hänger samman med bilismen. Vi måste ta tag i detta,
              och vi måste ta tag i det i tid.
            </seg>
          </u>
          <u xml:id="i-060ce7c7bf48db59-71" prev="i-060ce7c7bf48db59-67" who="Q53747">
            <seg xml:id="i-SP9iVzYGdd91B7PSmUWx8W">
              Blygsamma förändringar av skatter kommer inte att lösa frågan,
              men det kommer att vara ett litet bidrag. Och vi ska vara stolta
              över att vi kan ge det bidraget.
            </seg>
          </u>
          <note xml:id="i-UtUX2KmYuwBPFDTgLg52q1">
            Riksväg 45
          </note>
          <note type="speaker" xml:id="i-W5eqd8BrKBqRwTKmh42JPZ">
            Anf. 28 CECILIA WIDEGREN (m):
          </note>
          <u xml:id="i-060ce7c7bf48db59-72" next="i-060ce7c7bf48db59-73" who="Q4990451">
            <seg xml:id="i-USsT2XjH2VCJZZwsq7vtZ4">
              Herr talman! I regeringsdeklarationen utlovade statsministern
              bland annat att när nu krisen kommer till Saab i Trollhättan är
              det viktigt att bygga ut förbindelsen till norra Europas största
              hamn i Göteborg, nämligen riksväg 45.
            </seg>
          </u>
          <u xml:id="i-060ce7c7bf48db59-73" prev="i-060ce7c7bf48db59-72" who="Q4990451">
            <seg xml:id="i-J6jqsJLzbZj5V9cPwGr93h">
              Jag undrar därför, herr talman, vilken industri i Skaraborg till
              exempel Volvo i Skövde, Electrolux i Mariestad, Kinnarp i Falköping
              eller Emtunga i Vara som behöver bli nedläggningshotad eller hamna
              i kris för att huvudstråket mellan Sveriges första och andra stad
              ska gå från att vara dagens kostig som den är på vissa ställen,
              om jag får uttrycka mig så till att bli en fullt utbyggd motorväg.
            </seg>
          </u>
          <note type="speaker" xml:id="i-4JUMxNsgLh5CfMweoFJjK2">
            Anf. 29 Statsminister GÖRAN PERSSON (s):
          </note>
          <u xml:id="i-060ce7c7bf48db59-74" next="i-060ce7c7bf48db59-76" who="Q53747">
            <seg xml:id="i-Y394jCQKRGFMKqcwQBubME">
              Herr talman! Kostig är väl ändå att ta i. Frågeställningen rymmer
              en hemmablindhet som jag egentligen tycker är sympatisk. Vi ska
              alla företräda våra valkretsar, men att kalla vägen mellan Stockholm
              och Göteborg för kostig är inte rätt.
            </seg>
          </u>
          <u xml:id="i-060ce7c7bf48db59-75" prev="i-060ce7c7bf48db59-74" who="Q53747">
            <seg xml:id="i-2oGjY5H5FphUrvDnPiehZd">
              Jag är ganska säker på att det finns rätt många i kammaren som
              kan räkna upp nyckelindustrier i sina valkretsar och säga: När
              dessa industrier läggs ned, får vi en väg då? Svaret till dem
              är, precis som till Cecilia Widegren, att i mån av de resurser
              vi har försöker vi bygga ut ett infrastrukturnät över landet vägar,
              järnvägar och hamnar som understöder vår konkurrenskraft. Objektiva
              bedömningar ligger till grund. Ibland måste vi göra en brandkårsutryckning
              och påskynda ett projekt, men det tillhör undantagen.
            </seg>
          </u>
          <u xml:id="i-060ce7c7bf48db59-76" prev="i-060ce7c7bf48db59-74" who="Q53747">
            <seg xml:id="i-DSLQbyuGLN4dAkAvkQmuxZ">
              Det stora infrastrukturprogrammet, som riksdagen antagit, bör
              på sikt kunna ge oss en infrastruktur som är konkurrenskraftig.
              När det väl är genomfört sitter vi återigen i samma debatt eftersom
              det som vi då gjorde blivit omodernt. Vi kommer åter att mötas
              av en talare från Västra Götaland som frågar: När får vi en ny
              väg mellan Göteborg och Trollhättan, Göteborg och Jönköping, Göteborg
              och Borås eller Göteborg och Uddevalla? Och då svarar jag: Ni
              fick ju en för tio år sedan. Räcker inte det? Nej, kommer han
              eller hon att säga, det är en kostig. Så sluts cirkeln, och vi
              är där igen.
            </seg>
          </u>
          <note xml:id="i-PKTSmFGxc84qJmEGbWW58R">
            Försvarspolitiken
          </note>
          <pb facs="http://data.riksdagen.se/fil/6986BCAE-D546-4BD8-B904-1904EF6133A2#page=11"/>
          <note type="speaker" xml:id="i-5MLZ4j92A83WD6rTJ1aBL9">
            Anf. 30 ELSE-MARIE LINDGREN (kd):
          </note>
          <u xml:id="i-060ce7c7bf48db59-78" next="i-060ce7c7bf48db59-80" who="Q4962726">
            <seg xml:id="i-VMbiY8uUnAvq4bzx2ZJ6Ra">
              Herr talman! Kristdemokraterna har arbetat hårt tillsammans med
              de andra borgerliga partierna för att få en bred försvarsuppgörelse.
              Detta står utom allt tvivel. Att regeringen avbröt förhandlingen
              på upploppet är bara att beklaga. Det hade kunnat bli ett bra
              och historiskt beslut.
            </seg>
          </u>
          <u xml:id="i-060ce7c7bf48db59-79" prev="i-060ce7c7bf48db59-78" who="Q4962726">
            <seg xml:id="i-L6FW7CecWRgXndJu5sp1Uy">
              Min fråga till statsministern är: Kommer Vänsterpartiet och Miljöpartiet
              att från och med nu få ett avgörande inflytande på försvars- och
              säkerhetspolitiken? Detta politikområde har ju inte omfattats
              av ert samarbete tidigare.
            </seg>
          </u>
          <u xml:id="i-060ce7c7bf48db59-80" prev="i-060ce7c7bf48db59-78" who="Q4962726">
            <seg xml:id="i-FoqdSLwtzbUFQLCREV2htj">
              Dessutom undrar jag om det blir ytterligare neddragningar inom
              Försvarsmakten. Kommer försvarsindustrin med dess export att påverkas
              av Miljöpartiet vid rodret, och hur ser våra internationella relationer
              ut i framtiden när Vänstern kommer att ha ett stort inflytande?
              Jag tänker då på den transatlantiska länken.
            </seg>
          </u>
          <note type="speaker" xml:id="i-WNayi1B5C28dL9jqTQhzgz">
            Anf. 31 Statsminister GÖRAN PERSSON (s):
          </note>
          <u xml:id="i-060ce7c7bf48db59-81" next="i-060ce7c7bf48db59-84" who="Q53747">
            <seg xml:id="i-HK7VAE74iv3GnGZFjKyqnJ">
              Herr talman! Jag är inte ett dugg orolig för de frågeställningar
              som Else-Marie Lindgren tar upp. Det där kommer vi att föra ut.
              Där känner jag mig trygg eftersom jag baserar det ställningstagande
              som regeringen kommer att göra på Försvarsberedningens grund.
            </seg>
          </u>
          <u xml:id="i-060ce7c7bf48db59-82" prev="i-060ce7c7bf48db59-81" who="Q53747">
            <seg xml:id="i-Qkqw5b57v57doThFxoBFkh">
              Vi har haft en stor arbetsgrupp, med representanter för alla
              partier, som gått igenom hur hotet mot Sverige ser ut. När man
              väl blivit överens om det har man frågat sig: Hur ska organisationen
              i försvaret se ut? Och mot den bakgrunden har man frågat sig hur
              mycket det får kosta.
            </seg>
          </u>
          <u xml:id="i-060ce7c7bf48db59-83" prev="i-060ce7c7bf48db59-81" who="Q53747">
            <seg xml:id="i-EstBZaQoGpuJgm1b6UigUg">
              Sedan har man kommit överens i Försvarsberedningen, medan experterna
              på området sagt att vi kan dra ned försvarsutgifterna med omkring
              3 miljarder och angett ungefär hur inriktningen bör vara. Bakom
              detta står Socialdemokraterna, Centerpartiet, Kristdemokraterna
              och Miljöpartiet inte helt, men näst intill.
            </seg>
          </u>
          <u xml:id="i-060ce7c7bf48db59-84" prev="i-060ce7c7bf48db59-81" who="Q53747">
            <seg xml:id="i-AKp4KDBVFD5u7LYewDEg2c">
              När så Försvarsberedningen framställer sitt förslag händer någonting.
              Partiledarna tar över och det blir storpolitik. Vi tänker dock
              inte låta oss luras in i den diskussionen, utan vi håller fast
              vid Försvarsberedningens förslag. Och jag kan trösta Else-Marie
              Lindgren med att många av de skrivningar som vi kommer att ha
              i propositionen är mycket väl beredda med centerpartister och
              kristdemokrater.
            </seg>
          </u>
          <note xml:id="i-DzG1Ewrg2BsYLcr3CqUjc1">
            Räntehöjning
          </note>
          <note type="speaker" xml:id="i-7pfvMsWjiSQf76UQpTCiUE">
            Anf. 32 ROGER TIEFENSEE (c):
          </note>
          <u xml:id="i-060ce7c7bf48db59-86" next="i-060ce7c7bf48db59-88" who="Q6210672">
            <seg xml:id="i-C7ZiCWeHRT2mzVx1kCHFQG">
              Herr talman! I måndags presenterade regeringen en budget som
              är mycket expansiv. Regeringen lånar till reformer och skattesänkningar.
              Man gasar alltså i en högkonjunktur.
            </seg>
          </u>
          <u xml:id="i-060ce7c7bf48db59-87" prev="i-060ce7c7bf48db59-86" who="Q6210672">
            <seg xml:id="i-7H1QQs7j64L3nbhgK4vmsk">
              Redan samma dag gick riksbankschefen ut och varnade för att detta
              kan tvinga Riksbanken att bromsa genom att höja räntan, vilket
              drabbar alla som har lån. Det kommer direkt att synas i hushållsekonomin.
            </seg>
          </u>
          <u xml:id="i-060ce7c7bf48db59-88" prev="i-060ce7c7bf48db59-86" who="Q6210672">
            <seg xml:id="i-2zRiq8gvQ68w2pHrnxtFqY">
              För inte så länge sedan lovade statsministern i EMU-valrörelsen
              1 000 kr i månaden i lägre villaräntor till katrineholmsbor och
              andra. Nu erbjuder regeringen i stället höjda boräntor. Jag vill
              fråga: Är denna effekt av regeringens ekonomiska politik rimlig?
            </seg>
          </u>
          <pb facs="http://data.riksdagen.se/fil/6986BCAE-D546-4BD8-B904-1904EF6133A2#page=12"/>
          <note type="speaker" xml:id="i-2gHU8GuWpgicRYDGHJ9kCH">
            Anf. 33 Statsminister GÖRAN PERSSON (s):
          </note>
          <u xml:id="i-060ce7c7bf48db59-89" next="i-060ce7c7bf48db59-94" who="Q53747">
            <seg xml:id="i-J9dzxRPQEsSaa9CxUgQRDy">
              Herr talman! Om man beskriver det hela på det sätt som Tiefensee
              gör är den självklart inte rimlig. Det skulle vara stolligt.
            </seg>
          </u>
          <u xml:id="i-060ce7c7bf48db59-90" prev="i-060ce7c7bf48db59-89" who="Q53747">
            <seg xml:id="i-55PDUNcj7W9DHpkvsnrJ7n">
              Vad handlar det om? Ja, först och främst har vi pressat ned räntorna.
              Nu har vi låga räntor. Vi har låg inflation. Vi har en exportindustri
              som går som tåget eller rättare sagt: som vi vill att tåget ska
              gå. Men vi har ett problem, nämligen att vi har en arbetslöshet
              som dröjer sig kvar. Det borde, tycker jag, bekymra också en centerpartist.
            </seg>
          </u>
          <u xml:id="i-060ce7c7bf48db59-91" prev="i-060ce7c7bf48db59-89" who="Q53747">
            <seg xml:id="i-CJRisHwbHEBfXLXz4ekjMS">
              Vi kan inte säga att vi är nöjda så länge vi har en arbetslöshet
              på över 5 %. Nu står vi inför en våg av uppsägningar av vård-
              och omsorgspersonal i kommuner och landsting om de inte får ett
              ekonomiskt handtag av staten. Då är frågan: Vad har vi i det läget
              för intresse av att driva ut sjuksköterskor och andra vårdanställda
              i arbetslöshet? Inget som helst intresse!
            </seg>
          </u>
          <u xml:id="i-060ce7c7bf48db59-92" prev="i-060ce7c7bf48db59-89" who="Q53747">
            <seg xml:id="i-EZFyoQ8YdXwmSwmdtX3Gvf">
              Låt oss därför ge kommunerna detta handtag så att de kan behålla
              sin personal. Man kan kalla det för expansivt eller inte, men
              en sak bör ni veta: Dessa människor kostar inte mindre om de går
              på arbetslöshetsunderstöd än om de arbetar i vården. Och det är
              det som vi åstadkommer.
            </seg>
          </u>
          <u xml:id="i-060ce7c7bf48db59-93" prev="i-060ce7c7bf48db59-89" who="Q53747">
            <seg xml:id="i-TaXMeXyEHLRixuQpc8aMTa">
              Det andra stora vi gör av stimulansslag är att vi låter biståndet
              växa. Biståndet ökas med miljardbelopp. Det borde även en centerpartist
              vara glad över. Det är väl också Centerns politik? Ingen ska dock
              tro att biståndet höjer efterfrågan här hemma och driver på något
              slags inflationsutveckling.
            </seg>
          </u>
          <u xml:id="i-060ce7c7bf48db59-94" prev="i-060ce7c7bf48db59-89" who="Q53747">
            <seg xml:id="i-3qPtf1uPs5AAk9vmtfaVSK">
              Om man går igenom detta och tittar kommer man att se att vi lagt
              en budget som syftar till att pressa tillbaka arbetslösheten med
              bibehållet statsfinansiellt ansvarstagande. Det är socialdemokratisk
              politik, och jag är stolt över att vi fått stöd för den i ett
              konstruktivt samarbete med Miljöpartiet och Vänsterpartiet.
            </seg>
          </u>
          <note xml:id="i-PN1EvSDJDQ79WHgT8ssPHq">
            Jämställdheten i vården
          </note>
          <note type="speaker" xml:id="i-GiJ2av6UGvWCe9WGBMHa4q">
            Anf. 34 MONICA GREEN (s):
          </note>
          <u xml:id="i-060ce7c7bf48db59-96" next="i-060ce7c7bf48db59-97" who="Q3358763">
            <seg xml:id="i-3zn8ywxLba9KDW4vbt3ivB">
              Herr talman! Jag tänkte ställa en fråga angående rättvisa i vården.
            </seg>
          </u>
          <u xml:id="i-060ce7c7bf48db59-97" prev="i-060ce7c7bf48db59-96" who="Q3358763">
            <seg xml:id="i-NxDBno4eHRSJMnE4x6sdVe">
              I dag ser vi många exempel i medierna på att kvinnor får sämre
              vård än män. Vi kan läsa att kvinnor får vänta längre, får kortare
              behandling, får uppmaningen att behandla sig själva och så vidare.
            </seg>
          </u>
          <note xml:id="i-B3q5EDYg993JvXjNf1641U">
            Ansvaret ligger förstås på landstingen och regionerna, men vad
            kan regeringen göra för att öka jämställdheten i vården?
          </note>
          <note type="speaker" xml:id="i-QThTvo5ujhPGy1Lsv6pmbn">
            Anf. 35 Statsminister GÖRAN PERSSON (s):
          </note>
          <u xml:id="i-060ce7c7bf48db59-99" next="i-060ce7c7bf48db59-100" who="Q53747">
            <seg xml:id="i-PNARtqNU449bVRN18NKoqe">
              Herr talman! Det är en viktig fråga som på senare tid uppmärksammats
              inte minst av någon av våra kvällstidningar. Redan dessförinnan
              har vi själva sett problemet, och vi arbetar med det.
            </seg>
          </u>
          <u xml:id="i-060ce7c7bf48db59-100" prev="i-060ce7c7bf48db59-99" who="Q53747">
            <seg xml:id="i-9DGPpCwNF2LR6dyUxMW9PG">
              Jag tror att det är viktigt att vi får till stånd en könsuppdelad
              statistik över vårdarbetet. Här ryms, i vissa fall åt båda håll,
              ojämlikheter som är svåra att förklara och försvara. För oss är
              detta en central fråga. Vi arbetar med den och kommer naturligtvis
              inte att nöja oss med en utveckling som visar på den typen av
              brister.
            </seg>
          </u>
          <note xml:id="i-PX1XXax9QM6ofx7XXVDXre">
            Saabs framtid
          </note>
          <pb facs="http://data.riksdagen.se/fil/6986BCAE-D546-4BD8-B904-1904EF6133A2#page=13"/>
          <note type="speaker" xml:id="i-KW75QyNNtJaK3xESqNDUnm">
            Anf. 36 ANITA BRODÉN (fp):
          </note>
          <u xml:id="i-060ce7c7bf48db59-102" next="i-060ce7c7bf48db59-103" who="Q4765508">
            <seg xml:id="i-8fnVPF7nuCd7Jz6BDt9CC6">
              Herr talman! Också jag vill ställa en fråga som gäller Västra
              Götaland, men som även har nationell bäring. Den handlar givetvis
              om Saabs framtid, som nu kommer att avgöras. Den är i ett forcerat
              skede. Framtiden står mellan Trollhättan och Rüsselsheim.
            </seg>
          </u>
          <u xml:id="i-060ce7c7bf48db59-103" prev="i-060ce7c7bf48db59-102" who="Q4765508">
            <seg xml:id="i-21PoMy17SHuaPsXqK5zjSr">
              Vi vet alla att energi, infrastruktur, kunnig arbetskraft, ja
              utbildningsmöjligheterna över huvud taget, är viktiga ingredienser.
              Med tanke på den aggressiva tidtabell som GM:s Europachef aviserar
              undrar jag: Vilka ytterligare förslag och vilken handlingsberedskap
              har regeringen för att gå in där?
            </seg>
          </u>
          <note type="speaker" xml:id="i-AYUGCprz1Ht1tTr2Zek8RP">
            Anf. 37 Statsminister GÖRAN PERSSON (s):
          </note>
          <u xml:id="i-060ce7c7bf48db59-104" next="i-060ce7c7bf48db59-107" who="Q53747">
            <seg xml:id="i-AsqvT9MqVXrDQz349PKkrh">
              Herr talman! Det är en ganska bra illustration till hur hård
              den internationella företagsamheten kan vara. Det är bra att fler
              än socialdemokrater i den här kammaren börjar fundera över hur
              man ska sätta in motkrafter mot detta internationella kapital.
              Det är ett av politikens yttersta syften att se till att vi får
              en balans i marknadsekonomin så att också människor som är arbetare,
              löntagare, kan skydda sina rättigheter och intressen.
            </seg>
          </u>
          <u xml:id="i-060ce7c7bf48db59-105" prev="i-060ce7c7bf48db59-104" who="Q53747">
            <seg xml:id="i-MHGd1woyjFr5bP9VBpRebv">
              Det pågår en ganska dyster kamp mellan Rüsselsheim och Trollhättan
              där ändock metallarbetarna har bestämt sig för att de inte ska
              låta sig spelas ut mot varandra. Det hälsar jag med tillfredsställelse.
              Vi har en högteknologiskt avancerad produktion i Trollhättan.
              Den är en viktig del av en svensk bilindustri. Vi har allt intresse
              i världen av att den produktionen behålls i Sverige.
            </seg>
          </u>
          <u xml:id="i-060ce7c7bf48db59-106" prev="i-060ce7c7bf48db59-104" who="Q53747">
            <seg xml:id="i-LdWya8bWKM4bXuPD3n3pSt">
              Vi har tillsatt en statssekreterargrupp som jobbar i direkt närhet
              till företagsledningen och de fackliga organisationerna för att
              vi ska ta vara på de förslag som de lägger fram till oss och snabbt
              fatta de beslut som är nödvändiga. Men det är i huvudsak från
              de lokala intressenterna som förslagen till beslut ska komma eftersom
              de naturligtvis bäst överblickar den situation de är inne i.
            </seg>
          </u>
          <u xml:id="i-060ce7c7bf48db59-107" prev="i-060ce7c7bf48db59-104" who="Q53747">
            <seg xml:id="i-H6nrBCdLBoswqbtbwfyz6S">
              Själv har jag mina kontakter med den tyska regeringen och kommer
              också att ha en kontakt med den amerikanska företagsledningen.
            </seg>
          </u>
          <note xml:id="i-GJBgh5V92g8Nvac58mECqN">
            Statsministerns tal i FN
          </note>
          <note type="speaker" xml:id="i-U1a85ZSrKHYywNczLxhomP">
            Anf. 38 ULF HOLM (mp):
          </note>
          <u xml:id="i-060ce7c7bf48db59-109" next="i-060ce7c7bf48db59-112" who="Q520956">
            <seg xml:id="i-Ka23hwaCtqAbWrFmyhFsCk">
              Herr talman! Jag skulle vilja ställa en följdfråga gällande ditt
              tal i FN, statsministern, och EU-frågan. Jag kan stödja ganska
              mycket av det du sade i FN. Vi måste reformera FN och säkerhetsrådet,
              och flera u-länder måste ha tillträde dit. Så långt är det bra.
            </seg>
          </u>
          <u xml:id="i-060ce7c7bf48db59-110" prev="i-060ce7c7bf48db59-109" who="Q520956">
            <seg xml:id="i-MnbuASe43oGCfBVuDBB2jj">
              Det som förvånar är ditt tal om att EU bör få en plats. Säkerhetsrådet
              består av självständiga stater. Begär man att EU ska få en permanent
              plats där innebär det också att man driver att EU ska vara en
              stat.
            </seg>
          </u>
          <pb facs="http://data.riksdagen.se/fil/6986BCAE-D546-4BD8-B904-1904EF6133A2#page=14"/>
          <u xml:id="i-060ce7c7bf48db59-111" prev="i-060ce7c7bf48db59-109" who="Q520956">
            <seg xml:id="i-sYcmppwf7rxa8WNfK8PCb">
              Det går inte riktigt ihop med din ambition att EU ska bygga på
              mellanstatligt samarbete, vilket var svaret till min partikollega
              Mikael Johansson om varför vi vill ha en folkomröstning om EU:s
              nya grundlag. Du sade själv: EU bygger på ett mellanstatligt samarbete,
              och därför ska vi inte ha en ny folkomröstning. Jag får inte ihop
              det riktigt. Jag tycker att statsministern bör klargöra detta.
            </seg>
          </u>
          <u xml:id="i-060ce7c7bf48db59-112" prev="i-060ce7c7bf48db59-109" who="Q520956">
            <seg xml:id="i-6Z694LPiJsFDRLoyTSGyVa">
              Sedan vill jag dessutom påpeka att Tyskland nu går så pass långt
              att man är beredd att ändra sin grundlag för att få till en folkomröstning
              i Tyskland om den nya konstitutionen. Det bör tolkas som att EU
              står inför stora förändringar. Därför kan det vara viktigt att
              ha en folkomröstning. Därför bör vi i Sverige också ha en folkomröstning.
            </seg>
          </u>
          <note type="speaker" xml:id="i-DQ8FDCMR9dkwBkw823sBtG">
            Anf. 39 TALMANNEN:
          </note>
          <u xml:id="i-060ce7c7bf48db59-113" who="unknown">
            <seg xml:id="i-FHhMg9WozDKc4zfZgE38Wh">
              Det är en fråga som ska riktats här, Ulf Holm. Jag föreslår att
              det är den första delen. Statsministern har redan diskuterat den
              andra frågan, men det är statsministern som väljer.
            </seg>
          </u>
          <note type="speaker" xml:id="i-RvWW1jXbW6VykUnzb4cEkP">
            (ULF HOLM (mp):
          </note>
          <u who="Q520956" xml:id="i-e77ed11151ef3fae-2">
            <seg xml:id="i-UjTcaT3n4yowQ6myZwc17y">
              De hänger ihop lite. Jag tror att statsministern förstår frågeställningen.)
            </seg>
          </u>
          <note type="speaker" xml:id="i-KUpTKAsDQg6WRNyKGvMsQE">
            Anf. 40 Statsminister GÖRAN PERSSON (s):
          </note>
          <u xml:id="i-060ce7c7bf48db59-114" next="i-060ce7c7bf48db59-121" who="Q53747">
            <seg xml:id="i-H1J2ohX4VkTVwRfeeCU3MP">
              Herr talman! Jag är i dag på mitt mest skärpta humör, herr talman,
              så jag förstår frågeställningen. Åtminstone anar jag hur den hänger
              ihop. Vänta ett tag, Ulf Holm, tills tyskarna har bestämt sig,
              så får vi se om resonemanget håller och tar en ny debatt då. Det
              är det första.
            </seg>
          </u>
          <u xml:id="i-060ce7c7bf48db59-115" prev="i-060ce7c7bf48db59-114" who="Q53747">
            <seg xml:id="i-QX6PyWsUMwLQ9VXahMYQ3">
              Svaret på den första frågan ligger egentligen i svaret till Maud
              Olofsson när vi diskuterade den konsensuslinje som bör gälla inom
              EU.
            </seg>
          </u>
          <u xml:id="i-060ce7c7bf48db59-116" prev="i-060ce7c7bf48db59-114" who="Q53747">
            <seg xml:id="i-EFrHNKjLKsdRSTcES94nt">
              Jag tillstår gärna att jag provocerar när jag säger att vi gott
              kunde ha en gemensam plats för EU. Vi kunde också cirkulera mellan
              dessa stater som finns i unionen, varför inte?
            </seg>
          </u>
          <u xml:id="i-060ce7c7bf48db59-117" prev="i-060ce7c7bf48db59-114" who="Q53747">
            <seg xml:id="i-JnbKjPKRCkeAAwAbQUXvps">
              Jag gör det därför att jag ser att man nu diskuterar en utvidgning
              av säkerhetsrådets permanenta, eller semipermanenta, medlemmar.
              Då infinner sig flera europeiska stater, bland annat Tyskland.
              Jag kan förstå att Tyskland har ett sådant motiv. Det är inte
              orimligt.
            </seg>
          </u>
          <u xml:id="i-060ce7c7bf48db59-118" prev="i-060ce7c7bf48db59-114" who="Q53747">
            <seg xml:id="i-8BVRVttAzQ9ogLQzByeEnz">
              Men om Italien säger: Vi har väl också rimlig rätt att vara med.
              Vi är en ekonomi av samma storleksordning, ungefär lika stora
              som Frankrike och Storbritannien. Då säger man: Nja, hm.
            </seg>
          </u>
          <u xml:id="i-060ce7c7bf48db59-119" prev="i-060ce7c7bf48db59-114" who="Q53747">
            <seg xml:id="i-SA9wtA1E47YZtKusq7YrVa">
              Sedan vet vi att på andra sidan finns Indien. Här finns Japan,
              Sydafrika, kanske Nigeria och Brasilien, för att inte tala om
              Indonesien och Pakistan. Det är en lång rad stora folkrika nationer
              som står utanför denna världens centrala politiska organ.
            </seg>
          </u>
          <u xml:id="i-060ce7c7bf48db59-120" prev="i-060ce7c7bf48db59-114" who="Q53747">
            <seg xml:id="i-QAQpQiVbVt4DV6wRdXQXKc">
              Så kan vi inte ha det om FN ska vara relevant. Om omändringen,
              transformeringen, reformeringen av FN ska starta med att ytterligare
              europeiska stater kräver mer plats vid bordet kommer det inte
              att gå.
            </seg>
          </u>
          <u xml:id="i-060ce7c7bf48db59-121" prev="i-060ce7c7bf48db59-114" who="Q53747">
            <seg xml:id="i-LfKsM2eBxhRQi7m5eTprWW">
              Därför tycker jag att vi kan bidra med en diskussion av detta
              slag. Den har många svagheter. Men det är definitivt en mer konstig
              situation att se fyra europeiska stater som permanenta medlemmar
              i FN:s säkerhetsråd.
            </seg>
          </u>
          <note type="speaker" xml:id="i-P138GDY8QkGcNxTmbKKM6m">
            Anf. 41 TALMANNEN:
          </note>
          <u xml:id="i-060ce7c7bf48db59-122" who="unknown">
            <seg xml:id="i-Fpo8kHwTvbgYyWYKgvNKfu">
              Därmed är frågestunden för i dag avslutad. Vi tackar statsministern
              och riksdagens ledamöter.
            </seg>
          </u>
          <note xml:id="i-WgKXvvoNidhifVTVKS6pMs">
            2 § Justering av protokoll
          </note>
          <pb facs="http://data.riksdagen.se/fil/6986BCAE-D546-4BD8-B904-1904EF6133A2#page=15"/>
          <note xml:id="i-YETkFNpFpT5kRhGNNqRtt">
            Justerades protokollet för den 17 september.
          </note>
          <note xml:id="i-4LfKVE7wNej6uQoaaUxSCo">
            3 § Avsägelser
          </note>
          <note xml:id="i-349MkF9pgoAwuHVTbrgAFd">
            Talmannen meddelade att följande ledamöter avsagt sig sina uppdrag:
          </note>
          <note xml:id="i-EHFLexnpEWY2VMrbahh3it">
            Margareta Pålsson
          </note>
          <note xml:id="i-RVvUc1hk3BEx8mAkAUgUpA">
            Göran Lennmarker
          </note>
          <note xml:id="i-Ldvvi6hyAPP8witNo19heq">
            Ola Sundell
          </note>
          <note xml:id="i-Jz1zw9372KBwB7gXSdQVZR">
            Hillevi Engström
          </note>
          <note xml:id="i-H61zgAifcWRNjtoVSGtopo">
            Bertil Kjellberg
          </note>
          <note xml:id="i-KyoSR5qwEBDHQV5EKNhpX8">
            Björn Hamilton
          </note>
          <note xml:id="i-AwjLMN7vMGr1WxUMbHRGmH">
            Henrik S Järrel
          </note>
          <note xml:id="i-CbJfzYw9eQaJ6wipgGpBKz">
            Lars Lindblad
          </note>
          <note xml:id="i-AeRpzcf7Bw4n2G15c2fc5Y">
            Henrik von Sydow
          </note>
          <note xml:id="i-GCU3wAXrXnSeExNDUnip64">
            Carl-Axel Roslund
          </note>
          <note xml:id="i-Rthwt5hEJ2wuCi7W6mqAi9">
            Magdalena Andersson
          </note>
          <note xml:id="i-U4XxCdLVokDa76cuy4d9pZ">
            Marianne Samuelsson
          </note>
          <note xml:id="i-8LnD9CD39nn2nan8faNroJ">
            Kammaren biföll dessa avsägelser.
          </note>
          <note xml:id="i-ugFoomtmc35Uyh4F7XRpa">
            4 § Anmälan om kompletteringsval
          </note>
          <note xml:id="i-QPL7reswTcq4NXCzpqkN4L">
            Talmannen meddelade att Moderata samlingspartiets riksdagsgrupp
            på grund av uppkomna vakanser anmält
          </note>
          <pb facs="http://data.riksdagen.se/fil/6986BCAE-D546-4BD8-B904-1904EF6133A2#page=16"/>
          <note xml:id="i-FCxeECNgC9snTuPDo7jtsa">
            Talmannen meddelade att Socialdemokraternas riksdagsgrupp på
            grund av uppkomna vakanser anmält Carina Grönhagen som suppleant
            i socialutskottet under Christer Engelhardts ledighet och Birgitta
            Gidblom som suppleant i socialutskottet under Lars U Granbergs
            ledighet.
          </note>
          <note xml:id="i-63cjnY2SwhUQt5edeHzVDE">
            Talmannen meddelade att Centerpartiets riksdagsgrupp på grund
            av uppkommen vakans anmält Johan Linander som suppleant i Nordiska
            rådets svenska delegation.
          </note>
          <note xml:id="i-4DCWMKRrMKULHss6PsnZZK">
            Talmannen förklarade valda till
          </note>
          <note xml:id="i-497L7srAerzSsdVc5Jp2bw">
            ledamot i socialutskottet
          </note>
          <note xml:id="i-TfPKoqwesm2skavkvGb4UG">
            ledamot i utbildningsutskottet
          </note>
          <note xml:id="i-2RPS749nT7RxGBQwYwcaCH">
            ledamot i bostadsutskottet
          </note>
          <note xml:id="i-Cxd4fG98rRYourdRH51ZS6">
            ledamot i EU-nämnden
          </note>
          <note xml:id="i-82ksNtcgYkE9Y1HZedhJ38">
            ledamot i Nordiska rådets svenska delegation
          </note>
          <note xml:id="i-uK2hP2XkwofWq9yVoKYox">
            ledamot i riksdagens krigsdelegation
          </note>
          <note xml:id="i-8HRCjTncT7GXfQiTfFnSyt">
            suppleanter i konstitutionsutskottet
          </note>
          <note xml:id="i-8mdJFNyoJ3mabW2rNrZgt7">
            suppleant i skatteutskottet
          </note>
          <note xml:id="i-AYPduMM4SGhPZJuE7GDifA">
            suppleant i lagutskottet
          </note>
          <note xml:id="i-WsHLXDBUKJPr9hzCfCoh31">
            suppleant i försvarsutskottet
          </note>
          <note xml:id="i-LEyxn2639FYN5Ccvee35rV">
            suppleant i socialförsäkringsutskottet
          </note>
          <note xml:id="i-WYbit53Qu68HWyAXCcv67n">
            suppleant i kulturutskottet
          </note>
          <note xml:id="i-8HqHLbKBJ4emdVBkdWEfjp">
            suppleant i trafikutskottet
          </note>
          <pb facs="http://data.riksdagen.se/fil/6986BCAE-D546-4BD8-B904-1904EF6133A2#page=17"/>
          <note xml:id="i-AkXCq8jsctQANNXzg36ddp">
            suppleanter i näringsutskottet
          </note>
          <note xml:id="i-MwYhcsACrvGBBCACBnwWdd">
            suppleant i bostadsutskottet
          </note>
          <note xml:id="i-FDLQrNc1dLsr6D7kySA6Eo">
            suppleant i EU-nämnden
          </note>
          <note xml:id="i-8fUyDE2V8A1QJ7siPLchmG">
            suppleanter i Nordiska rådets svenska delegation
          </note>
          <note xml:id="i-TAy3xZqWAbY2QobAxxD64k">
            Talmannen förklarade vald från och med den 1 oktober till
          </note>
          <note xml:id="i-WGMJf2vUE4Ry9W5LSxa9BN">
            suppleant i skatteutskottet
          </note>
          <note xml:id="i-KgYnEcc2Sv3YQAVALW1sbQ">
            suppleant i socialutskottet
          </note>
          <note xml:id="i-SgW1T5eqFWAkXdpRYDDDAt">
            Talmannen förklarade valda under tiden den 23 september31 december
            till
          </note>
          <note xml:id="i-UMVJfHeznLVVpBE1ufFb6G">
            suppleanter i socialutskottet
          </note>
          <note xml:id="i-CLHMZx31Mt7Ev7kDNHSR7F">
            Talmannen förklarade vald under tiden den 23 september31 oktober
            till
          </note>
          <note xml:id="i-LE9DGu535H4L34Zig33Jnt">
            suppleant i utbildningsutskottet
          </note>
          <note xml:id="i-3dVvF21Lw9gUK994Pe4Z27">
            suppleant i näringsutskottet
          </note>
          <note xml:id="i-MgTBQ4hF3U57SUzgPgi8TL">
            Talmannen förklarade vald under tiden den 23 september17 oktober
            till
          </note>
          <note xml:id="i-4pWia1HcjppxQ8a5Uq4bU3">
            suppleant i trafikutskottet
          </note>
          <note xml:id="i-DNyP7eJ2KYmzMJhHkD1rfn">
            suppleant i näringsutskottet
          </note>
          <note xml:id="i-AeqBExRHKJB8kFLzE7bUij">
            5 § Ledighet
          </note>
          <note xml:id="i-TdqZfR9fJ4gwG4vns6Q4vG">
            Talmannen meddelade att Jan Emanuel Johansson (s) ansökt om föräldraledighet
            under tiden den 11 oktober11 november.
          </note>
          <pb facs="http://data.riksdagen.se/fil/6986BCAE-D546-4BD8-B904-1904EF6133A2#page=18"/>
          <note xml:id="i-GhXdd2rhxN8wtbY3pAUdoM">
            Kammaren biföll denna ansökan.
          </note>
          <note xml:id="i-JhDBiPYdtur1ZEZBJi6RFp">
            Talmannen anmälde att Christer Erlandsson (s) skulle tjänstgöra
            som ersättare för Jan Emanuel Johansson.
          </note>
          <note xml:id="i-R3hCWX7z9MVbmcx1ohRLFJ">
            6 § Anmälan om fördröjt svar på interpellation
          </note>
          <note xml:id="i-7tHYsc9i8XrPzV98WCAYDG">
            Till riksdagen hade inkommit följande skrivelse:
          </note>
          <note xml:id="i-AnSRZtFdbKMCukjhndZnXc">
            Interpellation 2004/05:2
          </note>
          <note xml:id="i-W65skpFosau6f1z2AB1Bur">
            Interpellation 2004/05:2 av Per Westerberg om kostnadsansvaret
            för stöd och service till funktionshindrade kommer att besvaras
            fredagen den 1 oktober.
          </note>
          <u xml:id="i-060ce7c7bf48db59-123" who="unknown">
            <seg xml:id="i-F73twit6goFqFUNyyTsUEt">
              Skälet till dröjsmålet är tjänsteresor.
            </seg>
          </u>
          <note xml:id="i-TgqjbYLDrgEgjv7YuMXJif">
            Lars-Erik Lövdén
          </note>
          <note xml:id="i-XXqhxgLV4xAfqQfLExFik9">
            7 § Meddelande om ändring i kammarens sammanträdesplan
          </note>
          <pb facs="http://data.riksdagen.se/fil/6986BCAE-D546-4BD8-B904-1904EF6133A2#page=19"/>
          <note xml:id="i-XBHk6k7J5DuJxmqGiArwoZ">
            Talmannen meddelade att fredagen den 24 september kl. 10.00 skulle
            bordläggningsdebatt äga rum med anledning av bordläggningen av
            prop. 2004/05:5 Vårt framtida försvar.
          </note>
          <note xml:id="i-8pKgQzcGhcYHFnSnqB9fiZ">
            8 § Anmälan om inkommen faktapromemoria om förslag från Europeiska
            kommissionen
          </note>
          <u xml:id="i-HpYsve2jHziE1vnn93Pmjp" who="unknown">
            <seg xml:id="i-Libb1Ft2Bci6uSffNNQXYD">
              Talmannen anmälde att följande faktapromemoria om förslag från
              Europeiska kommissionen inkommit och överlämnats till utskott:
            </seg>
          </u>
          <note xml:id="i-EebmjFCSEcz2tB9RWK4Gfn">
            KOM(2004)503
          </note>
          <note xml:id="i-QDAZYuGdSF9VdD67FdfLw">
            9 § Hänvisning av ärenden till utskott
          </note>
          <note xml:id="i-Sip3BYKwah3gaEv5aVMjh3">
            Föredrogs och hänvisades
          </note>
          <note xml:id="i-SCqhGBSGJXBszztqNXUGu4">
            10 § Bordläggning
          </note>
          <note xml:id="i-WNgVH61Yu2pY2oSWb8NCTt">
            Anmäldes och bordlades
          </note>
          <note xml:id="i-DGugrMACRWdDxBGk2afrpS">
            11 § Anmälan om interpellationer
          </note>
          <note xml:id="i-8Luix4jj1bu31yGN5huuHW">
            Anmäldes att följande interpellationer framställts
          </note>
          <note xml:id="i-V3N9ui8AAhvaVbGErx8txE">
            den 21 september
          </note>
          <note xml:id="i-VA8dJF9ezW1mXUjK6ZauvV">
            Göran Lindblad
          </note>
          <note xml:id="i-UWzg9SjEcaZ5yPAxbttj3W">
            Göran Lindblad
          </note>
          <pb facs="http://data.riksdagen.se/fil/6986BCAE-D546-4BD8-B904-1904EF6133A2#page=20"/>
          <note xml:id="i-X8EpSdWGPTqck1E24daUMf">
            Hans Backman
          </note>
          <note xml:id="i-SZRqadepwvyyHAn8cPXQhc">
            Anne-Marie Ekström
          </note>
          <note xml:id="i-kiHEAYUaa3UGYugsKTHb6">
            Göran Lindblad
          </note>
          <note xml:id="i-9sriMEKF4ZPHc9Mk8Gjwti">
            den 23 september
          </note>
          <note xml:id="i-4XoBS6YTpUieJYBGwiVrRU">
            Jan Andersson
          </note>
          <note xml:id="i-7mbgvvbQTcy9WbNXLefWWP">
            Ulf Nilsson
          </note>
          <note xml:id="i-QMnWG2BoJmM4FMGTHCEodq">
            Gunnar Andrén
          </note>
          <note xml:id="i-K78p6VwXPfXorcvpNE6tgA">
            Gunnar Andrén
          </note>
          <note xml:id="i-SsbeYZ2p4v26GjWSnhYn6e">
            Birgitta Sellén
          </note>
          <note xml:id="i-LgNRzNc7d3XG45J8UBpp2c">
            Annika Qarlsson
          </note>
          <note xml:id="i-2j4aZTNG3iEfiwbZJjRJg6">
            Anne-Marie Ekström
          </note>
          <note xml:id="i-QVjwPW25YYBLrLt9c3sYSD">
            Cecilia Wikström
          </note>
          <note xml:id="i-8yBLkdx9KMpLi9XPj2uAH5">
            Interpellationerna redovisas i bilaga som fogats till riksdagens
            snabbprotokoll tisdagen den 28 september.
          </note>
          <note xml:id="i-SQqnq5Kz8ohkTHwEYf2GBF">
            12 § Anmälan om frågor för skriftliga svar
          </note>
          <note xml:id="i-9P9V8AkazsDvwta77rmEa7">
            Anmäldes att följande frågor för skriftliga svar framställts
          </note>
          <note xml:id="i-FJD42rvnP4sdwW5LPxZPiN">
            den 22 september
          </note>
          <note xml:id="i-Lcp7dximLBzUigktH9Evsr">
            Jan-Evert Rådhström
          </note>
          <note xml:id="i-SsxAaEw8WQbeh9TiEfj65G">
            Jan-Evert Rådhström
          </note>
          <note xml:id="i-RSCJQSL3nqPURsYK9zfAE3">
            Peter Danielsson
          </note>
          <note xml:id="i-LE29N73SCPgXQspvZxsFhc">
            Allan Widman
          </note>
          <note xml:id="i-xAqMxhHEk7UktL1CbqXXb">
            Lena Adelsohn Liljeroth
          </note>
          <note xml:id="i-TeuHzESpevPjHgoPdAim5w">
            Ulf Holm
          </note>
          <pb facs="http://data.riksdagen.se/fil/6986BCAE-D546-4BD8-B904-1904EF6133A2#page=21"/>
          <note xml:id="i-7LhqdUP5cu7ui3xGXQmNNb">
            Rosita Runegrund
          </note>
          <note xml:id="i-Mt5aikuiFdLPXE77oyTTMS">
            den 23 september
          </note>
          <note xml:id="i-Fxk46LsqUzdN6uBbpEWZPG">
            Ulla Hoffmann
          </note>
          <note xml:id="i-JSDKw1MYdY86GujbEPEbwo">
            Ulla Hoffmann
          </note>
          <note xml:id="i-6Bh53iYGeyfjtpwtATshUJ">
            Lena Adelsohn Liljeroth
          </note>
          <note xml:id="i-4eAaD2quD9yctsR7732Lsy">
            Gustav Fridolin
          </note>
          <note xml:id="i-PmqFRQetHG5qPssEzrULHY">
            Karin Thorborg
          </note>
          <u xml:id="i-2W7e549pJXiUN2Qdm5JDG5" who="unknown">
            <seg xml:id="i-Ls9RaJuY16r331tgFG26uy">
              Frågorna redovisas i bilaga som fogats till riksdagens snabbprotokoll
              tisdagen den 28 september.
            </seg>
          </u>
          <note xml:id="i-VH8PjQTSXXoysn54geBjon">
            13 § Anmälan om skriftliga svar på frågor
          </note>
          <note xml:id="i-Co6fooxGGYPLJ4vWpjxPk4">
            Anmäldes att skriftliga svar på följande frågor inkommit
          </note>
          <note xml:id="i-Fd5uvqXW7m6gRN7JqXUDu1">
            den 22 september
          </note>
          <note xml:id="i-AcaK6A2qgvZRyk1y5JXHBx">
            Cecilia Wigström
          </note>
          <note xml:id="i-Lc7HSYQQLgES4n75HpnkQZ">
            Eva Flyborg
          </note>
          <note xml:id="i-65cnwd2BJ9DeYGihuAZwas">
            Cecilia Widegren
          </note>
          <note xml:id="i-746iG2e3RV9EwFLEpS6hrc">
            Kent Härstedt
          </note>
          <note xml:id="i-15nh8huE8JHiXjLQrh6yXJ">
            Tommy Ternemar
          </note>
          <note xml:id="i-FAwr7nJpCv1FfZADTkNyaA">
            Ulf Sjösten
          </note>
          <note xml:id="i-6xDSz2gHA5froroU4uqNNK">
            Torkild Strandberg
          </note>
          <note xml:id="i-4TgCjpcvWcwCxBZy92cnTx">
            Torsten Lindström
          </note>
          <pb facs="http://data.riksdagen.se/fil/6986BCAE-D546-4BD8-B904-1904EF6133A2#page=22"/>
          <note xml:id="i-NLHpix8xKYNB3hH1MLqDdD">
            Sven-Erik Sjöstrand
          </note>
          <u xml:id="i-SkVSXrbqKNxuiMuLznF99B" who="unknown">
            <seg xml:id="i-2YoLapuNn3k77XjXposVT7">
              Svaren redovisas i bilaga som fogats till riksdagens snabbprotokoll
              tisdagen den 28 september.
            </seg>
          </u>
          <note xml:id="i-WqJKcQVPPuWsWP84st31L3">
            14 § Kammaren åtskildes kl. 14.52.
          </note>
          <note xml:id="i-7U53SpLcaPSfi7fFupHLzo">
            Förhandlingarna leddes av talmannen.
          </note>
          <note xml:id="i-DVcECdoCzE9qCCuBvHuNkQ">
            /Monica Gustafson
          </note>
        </div>
      </body>
    </text>
  </TEI>
</teiCorpus>
